,year,round,race,driver,start,finish,p1,p2,p3,p4,p5,p6,p7,p8,p9,p10,p11+
0,2019,1,Australian Grand Prix,Hamilton,1.0,2,0.41,0.23,0.13,0.05,0.04,0.01,0.02,0.02,0.01,0.0,0.1
1,2019,1,Australian Grand Prix,Bottas,2.0,1,0.21,0.24,0.19,0.09,0.07,0.02,0.02,0.02,0.01,0.01,0.11
2,2019,1,Australian Grand Prix,Vettel,3.0,4,0.05,0.15,0.22,0.18,0.14,0.06,0.03,0.02,0.01,0.01,0.13
3,2019,1,Australian Grand Prix,Verstappen,4.0,3,0.04,0.12,0.18,0.23,0.15,0.08,0.02,0.02,0.01,0.01,0.13
4,2019,1,Australian Grand Prix,Leclerc,5.0,5,0.04,0.1,0.15,0.2,0.16,0.1,0.03,0.03,0.02,0.02,0.15
5,2019,1,Australian Grand Prix,Grosjean,6.0,R,0.01,0.03,0.06,0.08,0.12,0.13,0.09,0.07,0.07,0.06,0.27
6,2019,1,Australian Grand Prix,Magnussen,7.0,6,0.01,0.02,0.03,0.05,0.08,0.12,0.1,0.09,0.09,0.08,0.33
7,2019,1,Australian Grand Prix,Norris,8.0,12,0.0,0.0,0.01,0.01,0.03,0.07,0.08,0.1,0.12,0.11,0.46
8,2019,1,Australian Grand Prix,Räikkönen,9.0,8,0.0,0.0,0.01,0.01,0.03,0.07,0.09,0.1,0.13,0.11,0.44
9,2019,1,Australian Grand Prix,Pérez,10.0,13,0.01,0.01,0.02,0.03,0.04,0.08,0.09,0.11,0.13,0.1,0.39
10,2019,1,Australian Grand Prix,Hülkenberg,11.0,7,0.0,0.0,0.0,0.01,0.02,0.05,0.07,0.1,0.12,0.11,0.52
11,2019,1,Australian Grand Prix,Ricciardo,12.0,R,0.0,0.0,0.01,0.01,0.02,0.05,0.07,0.08,0.12,0.1,0.54
12,2019,1,Australian Grand Prix,Albon,13.0,14,0.0,0.0,0.0,0.01,0.02,0.05,0.06,0.08,0.11,0.11,0.56
13,2019,1,Australian Grand Prix,Giovinazzi,14.0,15,0.0,0.0,0.0,0.01,0.01,0.04,0.07,0.08,0.1,0.11,0.58
14,2019,1,Australian Grand Prix,Kvyat,15.0,10,0.0,0.01,0.01,0.02,0.03,0.07,0.07,0.08,0.11,0.1,0.5
15,2019,1,Australian Grand Prix,Stroll,16.0,9,0.0,0.01,0.02,0.03,0.05,0.08,0.08,0.08,0.1,0.08,0.46
16,2019,1,Australian Grand Prix,Gasly,17.0,11,0.04,0.06,0.08,0.09,0.08,0.09,0.08,0.09,0.06,0.07,0.26
17,2019,1,Australian Grand Prix,Sainz,18.0,R,0.0,0.0,0.0,0.0,0.0,0.01,0.02,0.03,0.05,0.07,0.81
18,2019,1,Australian Grand Prix,Russell,19.0,16,0.0,0.0,0.0,0.0,0.0,0.01,0.02,0.02,0.04,0.04,0.86
19,2019,1,Australian Grand Prix,Kubica,20.0,17,0.0,0.0,0.0,0.0,0.0,0.0,0.01,0.01,0.01,0.02,0.94
24,2019,2,Bahrain Grand Prix,Leclerc,1.0,3,0.48,0.17,0.1,0.05,0.03,0.02,0.02,0.01,0.01,0.01,0.1
22,2019,2,Bahrain Grand Prix,Vettel,2.0,5,0.21,0.19,0.16,0.11,0.07,0.04,0.03,0.02,0.02,0.01,0.12
20,2019,2,Bahrain Grand Prix,Hamilton,3.0,1,0.05,0.18,0.23,0.19,0.14,0.07,0.03,0.01,0.01,0.01,0.08
21,2019,2,Bahrain Grand Prix,Bottas,4.0,2,0.03,0.16,0.21,0.21,0.16,0.08,0.03,0.01,0.01,0.01,0.1
23,2019,2,Bahrain Grand Prix,Verstappen,5.0,4,0.02,0.08,0.1,0.17,0.16,0.13,0.05,0.04,0.03,0.03,0.19
26,2019,2,Bahrain Grand Prix,Magnussen,6.0,13,0.01,0.01,0.03,0.05,0.08,0.13,0.1,0.12,0.09,0.07,0.32
37,2019,2,Bahrain Grand Prix,Sainz,7.0,R,0.0,0.01,0.01,0.03,0.05,0.09,0.09,0.12,0.1,0.06,0.41
28,2019,2,Bahrain Grand Prix,Räikkönen,8.0,7,0.0,0.01,0.02,0.04,0.07,0.11,0.1,0.12,0.1,0.07,0.36
27,2019,2,Bahrain Grand Prix,Norris,9.0,6,0.0,0.0,0.01,0.01,0.03,0.05,0.09,0.08,0.1,0.08,0.54
31,2019,2,Bahrain Grand Prix,Ricciardo,10.0,R,0.0,0.01,0.02,0.03,0.05,0.09,0.1,0.11,0.1,0.07,0.43
25,2019,2,Bahrain Grand Prix,Grosjean,11.0,R,0.0,0.0,0.01,0.01,0.02,0.04,0.07,0.08,0.09,0.08,0.59
32,2019,2,Bahrain Grand Prix,Albon,12.0,9,0.0,0.0,0.01,0.01,0.02,0.04,0.06,0.06,0.09,0.09,0.62
36,2019,2,Bahrain Grand Prix,Gasly,13.0,8,0.0,0.0,0.01,0.02,0.03,0.07,0.09,0.1,0.1,0.08,0.48
29,2019,2,Bahrain Grand Prix,Pérez,14.0,10,0.0,0.0,0.01,0.01,0.01,0.02,0.05,0.05,0.07,0.09,0.7
34,2019,2,Bahrain Grand Prix,Kvyat,15.0,12,0.0,0.0,0.0,0.0,0.01,0.01,0.03,0.04,0.05,0.07,0.78
33,2019,2,Bahrain Grand Prix,Giovinazzi,16.0,11,0.0,0.0,0.0,0.0,0.0,0.0,0.01,0.02,0.02,0.05,0.89
30,2019,2,Bahrain Grand Prix,Hülkenberg,17.0,R,0.0,0.0,0.0,0.0,0.01,0.01,0.02,0.04,0.05,0.07,0.79
35,2019,2,Bahrain Grand Prix,Stroll,18.0,14,0.0,0.0,0.0,0.0,0.0,0.0,0.01,0.01,0.02,0.03,0.92
38,2019,2,Bahrain Grand Prix,Russell,19.0,15,0.0,0.0,0.0,0.0,0.0,0.0,0.0,0.0,0.0,0.01,0.98
39,2019,2,Bahrain Grand Prix,Kubica,20.0,16,0.0,0.0,0.0,0.0,0.0,0.0,0.0,0.0,0.0,0.01,0.99
52,2019,3,Chinese Grand Prix,Albon,0.0,10,0.0,0.0,0.0,0.0,0.0,0.0,0.0,0.01,0.01,0.01,0.96
41,2019,3,Chinese Grand Prix,Bottas,1.0,2,0.35,0.28,0.16,0.07,0.04,0.01,0.01,0.0,0.0,0.0,0.08
40,2019,3,Chinese Grand Prix,Hamilton,2.0,1,0.2,0.3,0.21,0.13,0.07,0.02,0.01,0.01,0.01,0.0,0.04
42,2019,3,Chinese Grand Prix,Vettel,3.0,3,0.12,0.21,0.21,0.19,0.1,0.04,0.02,0.01,0.01,0.01,0.08
44,2019,3,Chinese Grand Prix,Leclerc,4.0,5,0.07,0.15,0.19,0.21,0.12,0.06,0.03,0.02,0.02,0.01,0.12
43,2019,3,Chinese Grand Prix,Verstappen,5.0,4,0.05,0.09,0.14,0.19,0.13,0.08,0.05,0.03,0.03,0.03,0.18
56,2019,3,Chinese Grand Prix,Gasly,6.0,6,0.02,0.05,0.08,0.12,0.13,0.12,0.08,0.06,0.07,0.04,0.23
51,2019,3,Chinese Grand Prix,Ricciardo,7.0,7,0.0,0.0,0.01,0.01,0.03,0.07,0.1,0.12,0.09,0.08,0.49
50,2019,3,Chinese Grand Prix,Hülkenberg,8.0,R,0.0,0.0,0.01,0.01,0.02,0.05,0.09,0.11,0.09,0.09,0.53
46,2019,3,Chinese Grand Prix,Magnussen,9.0,13,0.0,0.0,0.0,0.01,0.01,0.05,0.1,0.12,0.1,0.11,0.5
45,2019,3,Chinese Grand Prix,Grosjean,10.0,11,0.0,0.0,0.01,0.01,0.02,0.06,0.09,0.12,0.1,0.1,0.5
54,2019,3,Chinese Grand Prix,Kvyat,11.0,R,0.0,0.0,0.0,0.01,0.01,0.04,0.07,0.1,0.09,0.11,0.58
49,2019,3,Chinese Grand Prix,Pérez,12.0,8,0.0,0.0,0.01,0.01,0.01,0.03,0.06,0.06,0.07,0.09,0.65
48,2019,3,Chinese Grand Prix,Räikkönen,13.0,9,0.0,0.0,0.0,0.0,0.01,0.03,0.05,0.07,0.08,0.1,0.65
57,2019,3,Chinese Grand Prix,Sainz,14.0,14,0.0,0.0,0.0,0.0,0.01,0.01,0.03,0.05,0.06,0.1,0.73
47,2019,3,Chinese Grand Prix,Norris,15.0,18,0.0,0.0,0.0,0.0,0.01,0.02,0.03,0.04,0.06,0.08,0.75
55,2019,3,Chinese Grand Prix,Stroll,16.0,12,0.0,0.0,0.0,0.0,0.0,0.01,0.02,0.03,0.04,0.07,0.82
58,2019,3,Chinese Grand Prix,Russell,17.0,16,0.0,0.0,0.0,0.0,0.0,0.0,0.0,0.01,0.01,0.02,0.96
59,2019,3,Chinese Grand Prix,Kubica,18.0,17,0.0,0.0,0.0,0.0,0.0,0.0,0.0,0.01,0.01,0.02,0.96
53,2019,3,Chinese Grand Prix,Giovinazzi,19.0,15,0.0,0.0,0.0,0.0,0.0,0.01,0.02,0.02,0.03,0.05,0.87
68,2019,4,Azerbaijan Grand Prix,Räikkönen,0.0,10,0.0,0.0,0.0,0.0,0.0,0.01,0.01,0.02,0.03,0.08,0.84
76,2019,4,Azerbaijan Grand Prix,Gasly,0.0,R,0.0,0.0,0.0,0.01,0.01,0.02,0.03,0.05,0.05,0.1,0.73
79,2019,4,Azerbaijan Grand Prix,Kubica,0.0,16,0.0,0.0,0.0,0.0,0.0,0.0,0.01,0.01,0.01,0.03,0.95
61,2019,4,Azerbaijan Grand Prix,Bottas,1.0,1,0.31,0.22,0.14,0.07,0.04,0.02,0.02,0.01,0.01,0.01,0.15
60,2019,4,Azerbaijan Grand Prix,Hamilton,2.0,2,0.22,0.19,0.16,0.09,0.06,0.03,0.03,0.02,0.01,0.01,0.17
62,2019,4,Azerbaijan Grand Prix,Vettel,3.0,3,0.11,0.16,0.18,0.15,0.1,0.05,0.03,0.02,0.02,0.02,0.15
63,2019,4,Azerbaijan Grand Prix,Verstappen,4.0,4,0.02,0.08,0.11,0.23,0.12,0.12,0.05,0.03,0.02,0.03,0.19
69,2019,4,Azerbaijan Grand Prix,Pérez,5.0,6,0.01,0.03,0.04,0.1,0.09,0.12,0.07,0.07,0.06,0.05,0.36
74,2019,4,Azerbaijan Grand Prix,Kvyat,6.0,R,0.0,0.01,0.02,0.03,0.04,0.08,0.09,0.09,0.1,0.09,0.46
67,2019,4,Azerbaijan Grand Prix,Norris,7.0,8,0.01,0.02,0.03,0.04,0.08,0.11,0.1,0.1,0.1,0.07,0.34
64,2019,4,Azerbaijan Grand Prix,Leclerc,8.0,5,0.02,0.06,0.08,0.18,0.12,0.12,0.06,0.04,0.03,0.04,0.25
77,2019,4,Azerbaijan Grand Prix,Sainz,9.0,7,0.0,0.01,0.02,0.03,0.06,0.1,0.13,0.11,0.1,0.08,0.36
71,2019,4,Azerbaijan Grand Prix,Ricciardo,10.0,R,0.0,0.0,0.01,0.02,0.04,0.09,0.13,0.11,0.1,0.09,0.42
72,2019,4,Azerbaijan Grand Prix,Albon,11.0,11,0.01,0.01,0.02,0.03,0.03,0.06,0.08,0.1,0.1,0.09,0.47
66,2019,4,Azerbaijan Grand Prix,Magnussen,12.0,13,0.0,0.01,0.02,0.03,0.04,0.07,0.07,0.09,0.09,0.08,0.5
75,2019,4,Azerbaijan Grand Prix,Stroll,13.0,9,0.0,0.01,0.01,0.02,0.03,0.07,0.11,0.11,0.1,0.1,0.45
65,2019,4,Azerbaijan Grand Prix,Grosjean,14.0,R,0.0,0.0,0.01,0.01,0.02,0.04,0.06,0.07,0.09,0.12,0.58
70,2019,4,Azerbaijan Grand Prix,Hülkenberg,15.0,14,0.0,0.0,0.0,0.01,0.01,0.03,0.07,0.06,0.08,0.1,0.62
78,2019,4,Azerbaijan Grand Prix,Russell,16.0,15,0.0,0.0,0.0,0.0,0.0,0.0,0.01,0.01,0.01,0.02,0.95
73,2019,4,Azerbaijan Grand Prix,Giovinazzi,17.0,12,0.0,0.0,0.01,0.01,0.01,0.03,0.04,0.06,0.07,0.11,0.66
90,2019,5,Spanish Grand Prix,Hülkenberg,0.0,13,0.0,0.0,0.0,0.0,0.0,0.0,0.01,0.01,0.01,0.01,0.96
81,2019,5,Spanish Grand Prix,Bottas,1.0,2,0.51,0.24,0.09,0.03,0.02,0.01,0.01,0.01,0.0,0.0,0.07
80,2019,5,Spanish Grand Prix,Hamilton,2.0,1,0.31,0.24,0.16,0.07,0.06,0.02,0.02,0.02,0.01,0.01,0.09
82,2019,5,Spanish Grand Prix,Vettel,3.0,4,0.09,0.16,0.2,0.19,0.11,0.05,0.03,0.02,0.01,0.01,0.13
83,2019,5,Spanish Grand Prix,Verstappen,4.0,3,0.04,0.09,0.13,0.19,0.14,0.1,0.05,0.03,0.02,0.01,0.19
84,2019,5,Spanish Grand Prix,Leclerc,5.0,5,0.06,0.11,0.15,0.19,0.13,0.08,0.04,0.03,0.02,0.02,0.18
96,2019,5,Spanish Grand Prix,Gasly,6.0,6,0.02,0.05,0.08,0.11,0.13,0.12,0.08,0.05,0.05,0.03,0.28
85,2019,5,Spanish Grand Prix,Grosjean,7.0,10,0.01,0.01,0.04,0.04,0.09,0.13,0.11,0.09,0.1,0.06,0.33
86,2019,5,Spanish Grand Prix,Magnussen,8.0,7,0.01,0.01,0.02,0.04,0.06,0.09,0.1,0.1,0.1,0.08,0.39
94,2019,5,Spanish Grand Prix,Kvyat,9.0,9,0.0,0.01,0.01,0.02,0.03,0.07,0.09,0.1,0.09,0.08,0.51
87,2019,5,Spanish Grand Prix,Norris,10.0,R,0.0,0.0,0.01,0.01,0.02,0.06,0.08,0.1,0.11,0.11,0.49
92,2019,5,Spanish Grand Prix,Albon,11.0,11,0.0,0.0,0.01,0.01,0.02,0.05,0.07,0.09,0.09,0.09,0.57
97,2019,5,Spanish Grand Prix,Sainz,12.0,8,0.0,0.0,0.0,0.01,0.01,0.02,0.04,0.05,0.06,0.08,0.73
91,2019,5,Spanish Grand Prix,Ricciardo,13.0,12,0.0,0.0,0.01,0.01,0.02,0.04,0.07,0.08,0.09,0.12,0.56
88,2019,5,Spanish Grand Prix,Räikkönen,14.0,14,0.0,0.0,0.0,0.01,0.01,0.03,0.05,0.06,0.07,0.11,0.66
89,2019,5,Spanish Grand Prix,Pérez,15.0,15,0.0,0.0,0.0,0.0,0.01,0.01,0.02,0.03,0.04,0.06,0.81
95,2019,5,Spanish Grand Prix,Stroll,16.0,R,0.0,0.0,0.0,0.0,0.0,0.01,0.02,0.02,0.03,0.05,0.87
99,2019,5,Spanish Grand Prix,Kubica,17.0,18,0.0,0.0,0.0,0.0,0.0,0.0,0.0,0.0,0.0,0.01,0.97
93,2019,5,Spanish Grand Prix,Giovinazzi,18.0,16,0.0,0.0,0.0,0.0,0.0,0.01,0.01,0.02,0.02,0.04,0.9
98,2019,5,Spanish Grand Prix,Russell,19.0,17,0.0,0.0,0.0,0.0,0.0,0.0,0.0,0.01,0.01,0.02,0.96
100,2019,6,Monaco Grand Prix,Hamilton,1.0,1,0.56,0.19,0.1,0.03,0.01,0.01,0.01,0.0,0.0,0.0,0.09
101,2019,6,Monaco Grand Prix,Bottas,2.0,3,0.28,0.29,0.19,0.09,0.05,0.02,0.01,0.01,0.0,0.0,0.06
103,2019,6,Monaco Grand Prix,Verstappen,3.0,4,0.06,0.13,0.19,0.16,0.12,0.08,0.03,0.03,0.02,0.02,0.16
102,2019,6,Monaco Grand Prix,Vettel,4.0,2,0.05,0.1,0.17,0.19,0.13,0.09,0.04,0.03,0.02,0.02,0.16
106,2019,6,Monaco Grand Prix,Magnussen,5.0,12,0.01,0.02,0.04,0.07,0.11,0.14,0.1,0.09,0.08,0.05,0.3
111,2019,6,Monaco Grand Prix,Ricciardo,6.0,9,0.01,0.01,0.03,0.03,0.07,0.1,0.11,0.1,0.09,0.06,0.4
114,2019,6,Monaco Grand Prix,Kvyat,7.0,7,0.0,0.01,0.01,0.02,0.04,0.09,0.13,0.11,0.11,0.08,0.4
116,2019,6,Monaco Grand Prix,Gasly,8.0,5,0.02,0.04,0.06,0.1,0.14,0.13,0.08,0.07,0.07,0.05,0.24
117,2019,6,Monaco Grand Prix,Sainz,9.0,6,0.0,0.0,0.01,0.01,0.04,0.08,0.12,0.11,0.11,0.08,0.43
112,2019,6,Monaco Grand Prix,Albon,10.0,8,0.0,0.01,0.01,0.02,0.04,0.08,0.13,0.11,0.12,0.08,0.42
110,2019,6,Monaco Grand Prix,Hülkenberg,11.0,14,0.0,0.0,0.0,0.01,0.02,0.06,0.1,0.09,0.09,0.07,0.57
107,2019,6,Monaco Grand Prix,Norris,12.0,11,0.0,0.0,0.0,0.01,0.01,0.03,0.07,0.08,0.07,0.08,0.63
105,2019,6,Monaco Grand Prix,Grosjean,13.0,10,0.0,0.0,0.01,0.01,0.02,0.05,0.1,0.1,0.1,0.09,0.51
108,2019,6,Monaco Grand Prix,Räikkönen,14.0,17,0.0,0.0,0.01,0.01,0.02,0.05,0.1,0.1,0.08,0.08,0.54
104,2019,6,Monaco Grand Prix,Leclerc,15.0,R,0.02,0.03,0.05,0.07,0.1,0.1,0.1,0.09,0.09,0.06,0.29
109,2019,6,Monaco Grand Prix,Pérez,16.0,13,0.0,0.01,0.01,0.01,0.02,0.05,0.08,0.08,0.09,0.08,0.56
115,2019,6,Monaco Grand Prix,Stroll,17.0,16,0.0,0.0,0.0,0.0,0.0,0.01,0.04,0.04,0.03,0.04,0.84
113,2019,6,Monaco Grand Prix,Giovinazzi,18.0,19,0.0,0.0,0.0,0.0,0.0,0.01,0.02,0.03,0.03,0.05,0.85
118,2019,6,Monaco Grand Prix,Russell,19.0,15,0.0,0.0,0.0,0.0,0.0,0.0,0.01,0.01,0.01,0.02,0.95
119,2019,6,Monaco Grand Prix,Kubica,20.0,18,0.0,0.0,0.0,0.0,0.0,0.0,0.0,0.0,0.01,0.02,0.96
126,2019,7,Canadian Grand Prix,Magnussen,0.0,17,0.0,0.0,0.0,0.0,0.0,0.01,0.02,0.03,0.03,0.05,0.87
122,2019,7,Canadian Grand Prix,Vettel,1.0,2,0.44,0.23,0.11,0.06,0.03,0.01,0.01,0.01,0.01,0.0,0.09
120,2019,7,Canadian Grand Prix,Hamilton,2.0,1,0.42,0.25,0.12,0.06,0.04,0.01,0.01,0.01,0.01,0.0,0.07
124,2019,7,Canadian Grand Prix,Leclerc,3.0,3,0.07,0.14,0.16,0.18,0.13,0.07,0.03,0.03,0.02,0.02,0.14
131,2019,7,Canadian Grand Prix,Ricciardo,4.0,6,0.01,0.02,0.04,0.07,0.09,0.1,0.11,0.1,0.08,0.06,0.31
136,2019,7,Canadian Grand Prix,Gasly,5.0,8,0.06,0.1,0.14,0.16,0.13,0.08,0.04,0.05,0.03,0.03,0.19
121,2019,7,Canadian Grand Prix,Bottas,6.0,4,0.06,0.14,0.17,0.2,0.14,0.07,0.03,0.02,0.02,0.02,0.13
130,2019,7,Canadian Grand Prix,Hülkenberg,7.0,7,0.0,0.01,0.01,0.03,0.05,0.09,0.12,0.12,0.12,0.09,0.35
127,2019,7,Canadian Grand Prix,Norris,8.0,R,0.0,0.01,0.01,0.02,0.03,0.07,0.11,0.1,0.12,0.11,0.43
123,2019,7,Canadian Grand Prix,Verstappen,9.0,5,0.02,0.04,0.07,0.11,0.12,0.11,0.08,0.07,0.05,0.04,0.28
134,2019,7,Canadian Grand Prix,Kvyat,10.0,10,0.0,0.01,0.01,0.01,0.03,0.07,0.1,0.1,0.12,0.11,0.45
137,2019,7,Canadian Grand Prix,Sainz,11.0,11,0.0,0.0,0.01,0.01,0.02,0.05,0.07,0.09,0.09,0.08,0.56
133,2019,7,Canadian Grand Prix,Giovinazzi,12.0,13,0.0,0.0,0.0,0.01,0.01,0.03,0.04,0.06,0.06,0.09,0.69
132,2019,7,Canadian Grand Prix,Albon,13.0,R,0.0,0.0,0.01,0.01,0.02,0.06,0.09,0.1,0.1,0.1,0.5
125,2019,7,Canadian Grand Prix,Grosjean,14.0,14,0.0,0.0,0.0,0.01,0.01,0.02,0.04,0.05,0.05,0.08,0.74
129,2019,7,Canadian Grand Prix,Pérez,15.0,12,0.0,0.0,0.0,0.01,0.01,0.01,0.02,0.03,0.03,0.05,0.84
128,2019,7,Canadian Grand Prix,Räikkönen,16.0,15,0.0,0.0,0.0,0.0,0.0,0.01,0.02,0.03,0.03,0.06,0.83
135,2019,7,Canadian Grand Prix,Stroll,17.0,9,0.0,0.0,0.0,0.0,0.0,0.01,0.01,0.02,0.03,0.05,0.87
138,2019,7,Canadian Grand Prix,Russell,18.0,16,0.0,0.0,0.0,0.0,0.0,0.0,0.0,0.0,0.0,0.01,0.97
139,2019,7,Canadian Grand Prix,Kubica,19.0,18,0.0,0.0,0.0,0.0,0.0,0.0,0.0,0.0,0.0,0.01,0.98
140,2019,8,French Grand Prix,Hamilton,1.0,1,0.73,0.15,0.07,0.01,0.0,0.0,0.0,0.0,0.0,0.0,0.03
141,2019,8,French Grand Prix,Bottas,2.0,2,0.36,0.25,0.18,0.06,0.04,0.01,0.01,0.01,0.01,0.0,0.07
144,2019,8,French Grand Prix,Leclerc,3.0,3,0.1,0.19,0.22,0.14,0.13,0.05,0.03,0.02,0.01,0.01,0.11
143,2019,8,French Grand Prix,Verstappen,4.0,4,0.07,0.14,0.18,0.16,0.15,0.07,0.04,0.03,0.02,0.01,0.13
147,2019,8,French Grand Prix,Norris,5.0,9,0.0,0.01,0.02,0.03,0.06,0.1,0.09,0.1,0.1,0.07,0.41
157,2019,8,French Grand Prix,Sainz,6.0,6,0.01,0.01,0.02,0.05,0.07,0.1,0.1,0.1,0.1,0.07,0.36
142,2019,8,French Grand Prix,Vettel,7.0,5,0.07,0.12,0.15,0.15,0.16,0.09,0.05,0.04,0.03,0.02,0.13
151,2019,8,French Grand Prix,Ricciardo,8.0,11,0.0,0.01,0.01,0.02,0.03,0.08,0.09,0.09,0.09,0.08,0.5
156,2019,8,French Grand Prix,Gasly,9.0,10,0.01,0.03,0.04,0.08,0.11,0.11,0.1,0.11,0.09,0.06,0.25
153,2019,8,French Grand Prix,Giovinazzi,10.0,16,0.0,0.01,0.01,0.02,0.04,0.09,0.11,0.12,0.1,0.07,0.44
152,2019,8,French Grand Prix,Albon,11.0,15,0.0,0.01,0.01,0.01,0.02,0.06,0.08,0.1,0.07,0.06,0.59
148,2019,8,French Grand Prix,Räikkönen,12.0,7,0.0,0.0,0.01,0.01,0.02,0.05,0.07,0.09,0.08,0.06,0.61
150,2019,8,French Grand Prix,Hülkenberg,13.0,8,0.0,0.0,0.0,0.0,0.01,0.02,0.03,0.06,0.06,0.07,0.75
149,2019,8,French Grand Prix,Pérez,14.0,12,0.01,0.01,0.02,0.02,0.03,0.06,0.08,0.1,0.07,0.06,0.54
146,2019,8,French Grand Prix,Magnussen,15.0,17,0.0,0.0,0.0,0.0,0.0,0.01,0.01,0.03,0.03,0.04,0.87
145,2019,8,French Grand Prix,Grosjean,16.0,20,0.0,0.0,0.0,0.0,0.0,0.01,0.01,0.02,0.03,0.05,0.88
155,2019,8,French Grand Prix,Stroll,17.0,13,0.0,0.01,0.01,0.01,0.01,0.03,0.05,0.07,0.06,0.06,0.69
159,2019,8,French Grand Prix,Kubica,18.0,18,0.0,0.0,0.0,0.0,0.0,0.0,0.01,0.01,0.02,0.02,0.95
154,2019,8,French Grand Prix,Kvyat,19.0,14,0.0,0.01,0.01,0.01,0.01,0.03,0.04,0.07,0.06,0.06,0.7
158,2019,8,French Grand Prix,Russell,20.0,19,0.0,0.0,0.0,0.0,0.0,0.01,0.01,0.03,0.03,0.03,0.89
178,2019,9,Austrian Grand Prix,Russell,0.0,18,0.0,0.0,0.0,0.0,0.0,0.0,0.0,0.0,0.0,0.01,0.98
164,2019,9,Austrian Grand Prix,Leclerc,1.0,2,0.31,0.25,0.12,0.08,0.07,0.02,0.03,0.01,0.01,0.01,0.09
163,2019,9,Austrian Grand Prix,Verstappen,2.0,1,0.15,0.2,0.15,0.13,0.12,0.04,0.04,0.02,0.02,0.01,0.12
161,2019,9,Austrian Grand Prix,Bottas,3.0,3,0.11,0.22,0.22,0.15,0.12,0.03,0.03,0.01,0.01,0.0,0.08
160,2019,9,Austrian Grand Prix,Hamilton,4.0,5,0.12,0.28,0.14,0.21,0.12,0.03,0.03,0.01,0.01,0.0,0.06
167,2019,9,Austrian Grand Prix,Norris,5.0,6,0.01,0.02,0.03,0.05,0.09,0.09,0.09,0.08,0.09,0.08,0.37
168,2019,9,Austrian Grand Prix,Räikkönen,6.0,9,0.0,0.01,0.01,0.02,0.04,0.07,0.09,0.07,0.08,0.07,0.52
173,2019,9,Austrian Grand Prix,Giovinazzi,7.0,10,0.0,0.01,0.01,0.02,0.03,0.07,0.1,0.1,0.1,0.08,0.49
176,2019,9,Austrian Grand Prix,Gasly,8.0,7,0.02,0.05,0.06,0.12,0.12,0.1,0.08,0.07,0.06,0.06,0.26
162,2019,9,Austrian Grand Prix,Vettel,9.0,4,0.06,0.11,0.13,0.17,0.16,0.08,0.06,0.03,0.03,0.02,0.15
166,2019,9,Austrian Grand Prix,Magnussen,10.0,19,0.0,0.0,0.0,0.01,0.01,0.04,0.07,0.09,0.09,0.1,0.57
165,2019,9,Austrian Grand Prix,Grosjean,11.0,16,0.0,0.0,0.0,0.01,0.01,0.04,0.07,0.07,0.08,0.08,0.64
171,2019,9,Austrian Grand Prix,Ricciardo,12.0,12,0.0,0.0,0.0,0.01,0.01,0.04,0.07,0.07,0.08,0.08,0.62
169,2019,9,Austrian Grand Prix,Pérez,13.0,11,0.0,0.0,0.0,0.01,0.01,0.03,0.05,0.07,0.07,0.1,0.67
175,2019,9,Austrian Grand Prix,Stroll,14.0,14,0.0,0.0,0.0,0.0,0.01,0.03,0.05,0.07,0.08,0.08,0.68
170,2019,9,Austrian Grand Prix,Hülkenberg,15.0,13,0.0,0.0,0.0,0.01,0.01,0.03,0.05,0.07,0.08,0.07,0.67
174,2019,9,Austrian Grand Prix,Kvyat,16.0,17,0.0,0.0,0.0,0.0,0.0,0.01,0.02,0.04,0.04,0.07,0.8
179,2019,9,Austrian Grand Prix,Kubica,17.0,20,0.0,0.0,0.0,0.0,0.0,0.0,0.0,0.01,0.01,0.01,0.96
172,2019,9,Austrian Grand Prix,Albon,18.0,15,0.0,0.0,0.0,0.0,0.0,0.02,0.03,0.05,0.05,0.08,0.77
177,2019,9,Austrian Grand Prix,Sainz,19.0,8,0.0,0.0,0.0,0.01,0.01,0.04,0.08,0.08,0.09,0.08,0.6
181,2019,10,British Grand Prix,Bottas,1.0,2,0.52,0.21,0.1,0.04,0.03,0.01,0.01,0.01,0.01,0.0,0.06
180,2019,10,British Grand Prix,Hamilton,2.0,1,0.47,0.22,0.1,0.05,0.03,0.01,0.01,0.01,0.01,0.0,0.07
184,2019,10,British Grand Prix,Leclerc,3.0,3,0.08,0.16,0.18,0.17,0.13,0.06,0.03,0.02,0.02,0.01,0.14
183,2019,10,British Grand Prix,Verstappen,4.0,5,0.05,0.11,0.14,0.17,0.14,0.08,0.04,0.04,0.02,0.02,0.18
196,2019,10,British Grand Prix,Gasly,5.0,4,0.02,0.05,0.09,0.13,0.13,0.12,0.06,0.06,0.04,0.04,0.25
182,2019,10,British Grand Prix,Vettel,6.0,16,0.04,0.09,0.14,0.17,0.14,0.09,0.05,0.04,0.03,0.02,0.19
191,2019,10,British Grand Prix,Ricciardo,7.0,7,0.0,0.01,0.01,0.02,0.04,0.09,0.12,0.11,0.12,0.09,0.39
187,2019,10,British Grand Prix,Norris,8.0,11,0.0,0.01,0.01,0.01,0.02,0.06,0.1,0.09,0.1,0.1,0.49
192,2019,10,British Grand Prix,Albon,9.0,12,0.0,0.0,0.0,0.01,0.01,0.03,0.08,0.08,0.1,0.1,0.57
190,2019,10,British Grand Prix,Hülkenberg,10.0,10,0.0,0.0,0.01,0.01,0.02,0.05,0.1,0.1,0.11,0.1,0.49
193,2019,10,British Grand Prix,Giovinazzi,11.0,R,0.0,0.0,0.0,0.0,0.0,0.01,0.03,0.04,0.07,0.08,0.76
188,2019,10,British Grand Prix,Räikkönen,12.0,8,0.0,0.0,0.0,0.0,0.01,0.02,0.04,0.05,0.07,0.08,0.72
197,2019,10,British Grand Prix,Sainz,13.0,6,0.0,0.0,0.0,0.01,0.01,0.03,0.07,0.08,0.1,0.11,0.58
185,2019,10,British Grand Prix,Grosjean,14.0,R,0.0,0.0,0.0,0.0,0.0,0.01,0.02,0.03,0.05,0.06,0.83
189,2019,10,British Grand Prix,Pérez,15.0,17,0.0,0.0,0.0,0.0,0.0,0.01,0.02,0.03,0.04,0.06,0.84
186,2019,10,British Grand Prix,Magnussen,16.0,R,0.0,0.0,0.0,0.0,0.0,0.0,0.01,0.02,0.04,0.05,0.87
194,2019,10,British Grand Prix,Kvyat,17.0,9,0.0,0.0,0.0,0.0,0.0,0.0,0.01,0.01,0.02,0.04,0.91
195,2019,10,British Grand Prix,Stroll,18.0,13,0.0,0.0,0.0,0.0,0.0,0.0,0.01,0.01,0.02,0.04,0.91
198,2019,10,British Grand Prix,Russell,19.0,14,0.0,0.0,0.0,0.0,0.0,0.0,0.0,0.0,0.01,0.02,0.96
199,2019,10,British Grand Prix,Kubica,20.0,15,0.0,0.0,0.0,0.0,0.0,0.0,0.0,0.0,0.0,0.01,0.98
200,2019,11,German Grand Prix,Hamilton,1.0,9,0.5,0.25,0.09,0.03,0.02,0.01,0.01,0.0,0.0,0.0,0.07
203,2019,11,German Grand Prix,Verstappen,2.0,1,0.2,0.16,0.12,0.09,0.07,0.04,0.04,0.03,0.03,0.02,0.21
201,2019,11,German Grand Prix,Bottas,3.0,R,0.06,0.17,0.28,0.15,0.1,0.04,0.01,0.01,0.01,0.01,0.16
216,2019,11,German Grand Prix,Gasly,4.0,14,0.03,0.09,0.11,0.21,0.12,0.1,0.04,0.04,0.03,0.03,0.2
208,2019,11,German Grand Prix,Räikkönen,5.0,12,0.01,0.03,0.05,0.1,0.08,0.13,0.08,0.06,0.06,0.06,0.34
205,2019,11,German Grand Prix,Grosjean,6.0,7,0.0,0.01,0.01,0.02,0.04,0.07,0.1,0.09,0.08,0.07,0.52
217,2019,11,German Grand Prix,Sainz,7.0,5,0.01,0.01,0.02,0.02,0.06,0.09,0.11,0.11,0.08,0.08,0.42
209,2019,11,German Grand Prix,Pérez,8.0,R,0.01,0.01,0.02,0.03,0.05,0.08,0.1,0.08,0.07,0.08,0.48
210,2019,11,German Grand Prix,Hülkenberg,9.0,R,0.01,0.01,0.01,0.02,0.04,0.07,0.11,0.11,0.09,0.1,0.43
204,2019,11,German Grand Prix,Leclerc,10.0,R,0.04,0.07,0.11,0.11,0.17,0.1,0.06,0.05,0.03,0.03,0.23
213,2019,11,German Grand Prix,Giovinazzi,11.0,13,0.0,0.0,0.0,0.0,0.01,0.02,0.03,0.04,0.05,0.07,0.78
206,2019,11,German Grand Prix,Magnussen,12.0,8,0.0,0.0,0.01,0.01,0.02,0.03,0.06,0.06,0.08,0.08,0.65
211,2019,11,German Grand Prix,Ricciardo,13.0,R,0.0,0.0,0.0,0.01,0.01,0.03,0.04,0.07,0.08,0.08,0.68
214,2019,11,German Grand Prix,Kvyat,14.0,3,0.0,0.0,0.0,0.01,0.01,0.02,0.04,0.05,0.06,0.09,0.72
215,2019,11,German Grand Prix,Stroll,15.0,4,0.0,0.0,0.0,0.0,0.0,0.01,0.02,0.03,0.04,0.07,0.82
212,2019,11,German Grand Prix,Albon,16.0,6,0.0,0.0,0.0,0.0,0.0,0.0,0.01,0.03,0.04,0.07,0.84
218,2019,11,German Grand Prix,Russell,17.0,11,0.0,0.0,0.0,0.0,0.0,0.0,0.0,0.01,0.01,0.04,0.93
219,2019,11,German Grand Prix,Kubica,18.0,10,0.0,0.0,0.0,0.0,0.0,0.0,0.0,0.01,0.01,0.02,0.96
207,2019,11,German Grand Prix,Norris,19.0,R,0.0,0.0,0.0,0.0,0.0,0.01,0.02,0.04,0.05,0.07,0.81
202,2019,11,German Grand Prix,Vettel,20.0,2,0.01,0.03,0.06,0.1,0.11,0.17,0.11,0.08,0.08,0.04,0.2
223,2019,12,Hungarian Grand Prix,Verstappen,1.0,2,0.4,0.2,0.14,0.05,0.04,0.02,0.02,0.01,0.02,0.01,0.1
221,2019,12,Hungarian Grand Prix,Bottas,2.0,8,0.22,0.24,0.17,0.1,0.07,0.02,0.02,0.01,0.01,0.01,0.12
220,2019,12,Hungarian Grand Prix,Hamilton,3.0,1,0.19,0.21,0.18,0.13,0.07,0.03,0.02,0.01,0.02,0.01,0.13
224,2019,12,Hungarian Grand Prix,Leclerc,4.0,4,0.04,0.13,0.16,0.2,0.15,0.07,0.03,0.02,0.02,0.02,0.15
222,2019,12,Hungarian Grand Prix,Vettel,5.0,3,0.04,0.11,0.15,0.21,0.15,0.08,0.03,0.03,0.02,0.02,0.17
236,2019,12,Hungarian Grand Prix,Gasly,6.0,6,0.02,0.05,0.07,0.13,0.14,0.11,0.07,0.06,0.05,0.04,0.26
227,2019,12,Hungarian Grand Prix,Norris,7.0,9,0.0,0.01,0.02,0.04,0.07,0.11,0.11,0.11,0.1,0.07,0.36
237,2019,12,Hungarian Grand Prix,Sainz,8.0,5,0.0,0.0,0.01,0.02,0.03,0.07,0.1,0.12,0.13,0.09,0.43
225,2019,12,Hungarian Grand Prix,Grosjean,9.0,R,0.0,0.01,0.01,0.02,0.03,0.08,0.12,0.1,0.1,0.07,0.47
228,2019,12,Hungarian Grand Prix,Räikkönen,10.0,7,0.0,0.0,0.01,0.01,0.03,0.07,0.11,0.14,0.14,0.1,0.39
230,2019,12,Hungarian Grand Prix,Hülkenberg,11.0,12,0.0,0.0,0.0,0.01,0.02,0.05,0.08,0.08,0.1,0.09,0.57
232,2019,12,Hungarian Grand Prix,Albon,12.0,10,0.0,0.0,0.0,0.01,0.01,0.03,0.06,0.08,0.1,0.09,0.61
234,2019,12,Hungarian Grand Prix,Kvyat,13.0,15,0.0,0.0,0.0,0.01,0.01,0.04,0.07,0.09,0.1,0.11,0.57
226,2019,12,Hungarian Grand Prix,Magnussen,14.0,13,0.0,0.0,0.0,0.0,0.0,0.01,0.03,0.04,0.04,0.08,0.79
238,2019,12,Hungarian Grand Prix,Russell,15.0,16,0.0,0.0,0.0,0.0,0.0,0.0,0.0,0.01,0.01,0.03,0.94
229,2019,12,Hungarian Grand Prix,Pérez,16.0,11,0.0,0.0,0.0,0.0,0.0,0.01,0.02,0.03,0.03,0.06,0.83
233,2019,12,Hungarian Grand Prix,Giovinazzi,17.0,18,0.0,0.0,0.0,0.0,0.0,0.01,0.01,0.03,0.02,0.06,0.87
235,2019,12,Hungarian Grand Prix,Stroll,18.0,17,0.0,0.0,0.0,0.0,0.0,0.01,0.01,0.03,0.02,0.08,0.84
239,2019,12,Hungarian Grand Prix,Kubica,19.0,19,0.0,0.0,0.0,0.0,0.0,0.0,0.0,0.0,0.0,0.02,0.97
231,2019,12,Hungarian Grand Prix,Ricciardo,20.0,14,0.0,0.0,0.0,0.01,0.01,0.02,0.04,0.05,0.06,0.08,0.72
259,2019,13,Belgian Grand Prix,Kubica,0.0,17,0.0,0.0,0.0,0.0,0.0,0.0,0.0,0.0,0.0,0.0,1.0
244,2019,13,Belgian Grand Prix,Leclerc,1.0,1,0.32,0.22,0.13,0.09,0.05,0.02,0.02,0.01,0.01,0.0,0.13
242,2019,13,Belgian Grand Prix,Vettel,2.0,4,0.16,0.21,0.16,0.16,0.1,0.03,0.02,0.02,0.01,0.01,0.12
240,2019,13,Belgian Grand Prix,Hamilton,3.0,2,0.17,0.24,0.19,0.15,0.1,0.03,0.02,0.01,0.01,0.0,0.08
241,2019,13,Belgian Grand Prix,Bottas,4.0,3,0.08,0.14,0.17,0.19,0.14,0.05,0.03,0.02,0.02,0.01,0.15
243,2019,13,Belgian Grand Prix,Verstappen,5.0,R,0.05,0.1,0.12,0.18,0.14,0.07,0.05,0.03,0.04,0.03,0.19
248,2019,13,Belgian Grand Prix,Räikkönen,6.0,16,0.01,0.02,0.03,0.04,0.08,0.15,0.13,0.11,0.1,0.07,0.27
249,2019,13,Belgian Grand Prix,Pérez,7.0,6,0.01,0.02,0.03,0.04,0.09,0.14,0.13,0.11,0.09,0.06,0.3
246,2019,13,Belgian Grand Prix,Magnussen,8.0,12,0.0,0.01,0.02,0.03,0.06,0.12,0.14,0.12,0.1,0.08,0.34
245,2019,13,Belgian Grand Prix,Grosjean,9.0,13,0.0,0.01,0.02,0.02,0.05,0.12,0.15,0.12,0.11,0.09,0.31
251,2019,13,Belgian Grand Prix,Ricciardo,10.0,14,0.0,0.01,0.02,0.03,0.06,0.12,0.14,0.13,0.11,0.09,0.3
247,2019,13,Belgian Grand Prix,Norris,11.0,11,0.0,0.01,0.01,0.02,0.03,0.06,0.06,0.09,0.09,0.07,0.57
250,2019,13,Belgian Grand Prix,Hülkenberg,12.0,8,0.0,0.01,0.01,0.01,0.03,0.06,0.09,0.1,0.11,0.11,0.47
256,2019,13,Belgian Grand Prix,Gasly,13.0,9,0.01,0.01,0.02,0.02,0.05,0.1,0.15,0.11,0.1,0.12,0.3
258,2019,13,Belgian Grand Prix,Russell,14.0,15,0.0,0.0,0.0,0.0,0.0,0.0,0.0,0.01,0.01,0.02,0.95
257,2019,13,Belgian Grand Prix,Sainz,15.0,R,0.0,0.0,0.01,0.01,0.01,0.03,0.06,0.09,0.11,0.12,0.55
255,2019,13,Belgian Grand Prix,Stroll,16.0,10,0.0,0.0,0.01,0.01,0.01,0.03,0.05,0.07,0.08,0.08,0.66
252,2019,13,Belgian Grand Prix,Albon,17.0,5,0.0,0.01,0.01,0.01,0.02,0.04,0.06,0.08,0.09,0.08,0.6
253,2019,13,Belgian Grand Prix,Giovinazzi,18.0,18,0.0,0.0,0.0,0.01,0.01,0.02,0.04,0.05,0.07,0.09,0.71
254,2019,13,Belgian Grand Prix,Kvyat,19.0,7,0.0,0.0,0.01,0.01,0.02,0.04,0.08,0.08,0.11,0.11,0.56
268,2019,14,Italian Grand Prix,Räikkönen,0.0,15,0.0,0.0,0.0,0.0,0.0,0.0,0.01,0.03,0.04,0.06,0.84
264,2019,14,Italian Grand Prix,Leclerc,1.0,1,0.37,0.23,0.14,0.06,0.04,0.02,0.02,0.01,0.01,0.01,0.09
260,2019,14,Italian Grand Prix,Hamilton,2.0,3,0.4,0.27,0.14,0.05,0.03,0.01,0.02,0.01,0.01,0.01,0.06
261,2019,14,Italian Grand Prix,Bottas,3.0,2,0.18,0.2,0.2,0.12,0.07,0.03,0.03,0.01,0.01,0.01,0.14
262,2019,14,Italian Grand Prix,Vettel,4.0,13,0.06,0.11,0.15,0.18,0.14,0.07,0.04,0.03,0.03,0.02,0.18
271,2019,14,Italian Grand Prix,Ricciardo,5.0,4,0.01,0.02,0.04,0.08,0.1,0.13,0.09,0.09,0.07,0.06,0.31
270,2019,14,Italian Grand Prix,Hülkenberg,6.0,5,0.01,0.02,0.03,0.05,0.08,0.13,0.1,0.1,0.09,0.07,0.32
277,2019,14,Italian Grand Prix,Sainz,7.0,R,0.0,0.01,0.02,0.02,0.05,0.12,0.14,0.15,0.12,0.08,0.29
272,2019,14,Italian Grand Prix,Albon,8.0,6,0.01,0.02,0.03,0.05,0.08,0.12,0.1,0.1,0.09,0.07,0.34
275,2019,14,Italian Grand Prix,Stroll,9.0,12,0.0,0.01,0.01,0.01,0.03,0.08,0.11,0.12,0.1,0.09,0.44
273,2019,14,Italian Grand Prix,Giovinazzi,10.0,9,0.0,0.0,0.01,0.01,0.02,0.05,0.08,0.11,0.11,0.11,0.5
266,2019,14,Italian Grand Prix,Magnussen,11.0,R,0.0,0.0,0.0,0.0,0.01,0.03,0.05,0.08,0.09,0.1,0.63
274,2019,14,Italian Grand Prix,Kvyat,12.0,R,0.0,0.0,0.0,0.01,0.01,0.03,0.05,0.07,0.08,0.08,0.66
265,2019,14,Italian Grand Prix,Grosjean,13.0,16,0.0,0.0,0.0,0.0,0.0,0.01,0.03,0.05,0.07,0.09,0.75
278,2019,14,Italian Grand Prix,Russell,14.0,14,0.0,0.0,0.0,0.0,0.0,0.0,0.0,0.0,0.01,0.01,0.98
279,2019,14,Italian Grand Prix,Kubica,15.0,17,0.0,0.0,0.0,0.0,0.0,0.0,0.0,0.0,0.0,0.0,0.99
267,2019,14,Italian Grand Prix,Norris,16.0,10,0.0,0.0,0.0,0.0,0.0,0.01,0.01,0.03,0.04,0.06,0.84
276,2019,14,Italian Grand Prix,Gasly,17.0,11,0.01,0.03,0.05,0.06,0.09,0.11,0.07,0.08,0.07,0.07,0.35
269,2019,14,Italian Grand Prix,Pérez,18.0,7,0.0,0.0,0.0,0.0,0.0,0.0,0.01,0.02,0.02,0.04,0.9
263,2019,14,Italian Grand Prix,Verstappen,19.0,8,0.02,0.03,0.06,0.1,0.11,0.12,0.08,0.09,0.07,0.05,0.28
284,2019,15,Singapore Grand Prix,Leclerc,1.0,2,0.44,0.23,0.13,0.05,0.03,0.01,0.01,0.01,0.0,0.0,0.08
280,2019,15,Singapore Grand Prix,Hamilton,2.0,4,0.44,0.26,0.13,0.06,0.03,0.01,0.01,0.01,0.0,0.0,0.05
282,2019,15,Singapore Grand Prix,Vettel,3.0,1,0.13,0.21,0.25,0.14,0.08,0.04,0.02,0.01,0.01,0.01,0.09
283,2019,15,Singapore Grand Prix,Verstappen,4.0,3,0.06,0.12,0.15,0.19,0.14,0.08,0.03,0.03,0.02,0.01,0.16
281,2019,15,Singapore Grand Prix,Bottas,5.0,5,0.06,0.12,0.15,0.2,0.17,0.08,0.03,0.02,0.02,0.01,0.14
292,2019,15,Singapore Grand Prix,Albon,6.0,6,0.0,0.01,0.04,0.05,0.06,0.18,0.08,0.07,0.08,0.04,0.38
297,2019,15,Singapore Grand Prix,Sainz,7.0,12,0.01,0.02,0.03,0.04,0.08,0.14,0.13,0.11,0.09,0.05,0.31
290,2019,15,Singapore Grand Prix,Hülkenberg,8.0,9,0.0,0.01,0.02,0.03,0.06,0.09,0.08,0.1,0.09,0.08,0.44
287,2019,15,Singapore Grand Prix,Norris,9.0,7,0.0,0.0,0.01,0.01,0.02,0.1,0.17,0.13,0.12,0.07,0.35
293,2019,15,Singapore Grand Prix,Giovinazzi,10.0,10,0.0,0.01,0.01,0.02,0.03,0.06,0.07,0.1,0.09,0.11,0.5
296,2019,15,Singapore Grand Prix,Gasly,11.0,8,0.01,0.02,0.04,0.06,0.1,0.09,0.08,0.09,0.07,0.05,0.4
288,2019,15,Singapore Grand Prix,Räikkönen,12.0,R,0.0,0.0,0.01,0.01,0.03,0.05,0.06,0.1,0.09,0.11,0.53
286,2019,15,Singapore Grand Prix,Magnussen,13.0,17,0.0,0.0,0.0,0.01,0.01,0.02,0.04,0.06,0.06,0.11,0.68
294,2019,15,Singapore Grand Prix,Kvyat,14.0,15,0.0,0.0,0.0,0.01,0.02,0.04,0.05,0.07,0.07,0.11,0.62
289,2019,15,Singapore Grand Prix,Pérez,15.0,R,0.0,0.01,0.02,0.03,0.04,0.11,0.07,0.08,0.08,0.08,0.48
295,2019,15,Singapore Grand Prix,Stroll,16.0,13,0.0,0.0,0.0,0.0,0.0,0.01,0.02,0.02,0.04,0.07,0.83
285,2019,15,Singapore Grand Prix,Grosjean,17.0,11,0.0,0.0,0.0,0.01,0.01,0.02,0.03,0.04,0.06,0.09,0.75
298,2019,15,Singapore Grand Prix,Russell,18.0,R,0.0,0.0,0.0,0.0,0.0,0.0,0.0,0.0,0.01,0.02,0.96
299,2019,15,Singapore Grand Prix,Kubica,19.0,16,0.0,0.0,0.0,0.0,0.0,0.0,0.0,0.0,0.01,0.02,0.96
291,2019,15,Singapore Grand Prix,Ricciardo,20.0,14,0.0,0.0,0.0,0.01,0.01,0.02,0.03,0.05,0.05,0.09,0.75
312,2019,16,Russian Grand Prix,Albon,0.0,5,0.0,0.0,0.0,0.0,0.0,0.0,0.0,0.0,0.01,0.02,0.96
304,2019,16,Russian Grand Prix,Leclerc,1.0,3,0.36,0.26,0.13,0.06,0.04,0.01,0.02,0.01,0.01,0.0,0.08
300,2019,16,Russian Grand Prix,Hamilton,2.0,1,0.35,0.28,0.14,0.07,0.04,0.01,0.02,0.01,0.01,0.0,0.07
302,2019,16,Russian Grand Prix,Vettel,3.0,R,0.08,0.2,0.21,0.19,0.11,0.03,0.02,0.02,0.01,0.01,0.13
301,2019,16,Russian Grand Prix,Bottas,4.0,2,0.06,0.16,0.18,0.21,0.12,0.05,0.03,0.02,0.01,0.02,0.14
317,2019,16,Russian Grand Prix,Sainz,5.0,6,0.0,0.01,0.03,0.04,0.07,0.11,0.11,0.11,0.1,0.07,0.36
310,2019,16,Russian Grand Prix,Hülkenberg,6.0,10,0.0,0.0,0.01,0.02,0.04,0.1,0.14,0.1,0.11,0.08,0.39
307,2019,16,Russian Grand Prix,Norris,7.0,8,0.0,0.01,0.03,0.04,0.07,0.11,0.11,0.1,0.1,0.07,0.36
305,2019,16,Russian Grand Prix,Grosjean,8.0,R,0.0,0.01,0.01,0.02,0.03,0.07,0.09,0.1,0.09,0.08,0.51
303,2019,16,Russian Grand Prix,Verstappen,9.0,4,0.05,0.11,0.15,0.18,0.15,0.07,0.04,0.04,0.02,0.03,0.16
311,2019,16,Russian Grand Prix,Ricciardo,10.0,R,0.0,0.0,0.01,0.01,0.02,0.07,0.12,0.09,0.11,0.09,0.48
309,2019,16,Russian Grand Prix,Pérez,11.0,7,0.0,0.0,0.01,0.01,0.03,0.06,0.1,0.09,0.1,0.1,0.49
313,2019,16,Russian Grand Prix,Giovinazzi,12.0,15,0.0,0.0,0.0,0.01,0.01,0.03,0.06,0.07,0.08,0.1,0.63
306,2019,16,Russian Grand Prix,Magnussen,13.0,9,0.0,0.0,0.0,0.0,0.01,0.02,0.05,0.04,0.06,0.08,0.73
315,2019,16,Russian Grand Prix,Stroll,14.0,11,0.0,0.0,0.01,0.01,0.02,0.05,0.09,0.1,0.09,0.09,0.54
308,2019,16,Russian Grand Prix,Räikkönen,15.0,13,0.0,0.0,0.0,0.0,0.0,0.01,0.02,0.03,0.05,0.09,0.78
316,2019,16,Russian Grand Prix,Gasly,16.0,14,0.0,0.0,0.01,0.01,0.02,0.06,0.1,0.09,0.11,0.1,0.49
318,2019,16,Russian Grand Prix,Russell,17.0,R,0.0,0.0,0.0,0.0,0.0,0.0,0.0,0.0,0.01,0.02,0.97
319,2019,16,Russian Grand Prix,Kubica,18.0,R,0.0,0.0,0.0,0.0,0.0,0.0,0.0,0.0,0.0,0.01,0.98
314,2019,16,Russian Grand Prix,Kvyat,19.0,12,0.0,0.0,0.0,0.0,0.0,0.0,0.01,0.01,0.02,0.05,0.91
339,2019,17,Japanese Grand Prix,Kubica,0.0,16,0.0,0.0,0.0,0.0,0.0,0.0,0.0,0.0,0.0,0.01,0.98
322,2019,17,Japanese Grand Prix,Vettel,1.0,2,0.48,0.22,0.1,0.05,0.02,0.01,0.01,0.01,0.01,0.0,0.09
324,2019,17,Japanese Grand Prix,Leclerc,2.0,6,0.32,0.22,0.14,0.08,0.05,0.02,0.02,0.02,0.01,0.01,0.11
321,2019,17,Japanese Grand Prix,Bottas,3.0,1,0.12,0.24,0.23,0.17,0.09,0.03,0.02,0.01,0.01,0.0,0.09
320,2019,17,Japanese Grand Prix,Hamilton,4.0,3,0.29,0.27,0.18,0.1,0.05,0.02,0.01,0.01,0.01,0.0,0.07
323,2019,17,Japanese Grand Prix,Verstappen,5.0,R,0.04,0.1,0.13,0.17,0.14,0.1,0.05,0.03,0.03,0.02,0.2
332,2019,17,Japanese Grand Prix,Albon,6.0,4,0.01,0.03,0.06,0.07,0.11,0.15,0.08,0.07,0.06,0.05,0.3
337,2019,17,Japanese Grand Prix,Sainz,7.0,5,0.01,0.01,0.02,0.03,0.06,0.11,0.09,0.09,0.1,0.07,0.4
327,2019,17,Japanese Grand Prix,Norris,8.0,11,0.0,0.01,0.02,0.02,0.04,0.09,0.08,0.09,0.11,0.08,0.46
336,2019,17,Japanese Grand Prix,Gasly,9.0,7,0.01,0.01,0.02,0.03,0.05,0.11,0.1,0.09,0.11,0.08,0.37
325,2019,17,Japanese Grand Prix,Grosjean,10.0,13,0.0,0.0,0.01,0.01,0.01,0.04,0.06,0.08,0.09,0.09,0.61
333,2019,17,Japanese Grand Prix,Giovinazzi,11.0,14,0.0,0.0,0.0,0.01,0.01,0.03,0.05,0.07,0.08,0.08,0.67
335,2019,17,Japanese Grand Prix,Stroll,12.0,9,0.0,0.0,0.01,0.01,0.01,0.03,0.07,0.08,0.09,0.1,0.61
328,2019,17,Japanese Grand Prix,Räikkönen,13.0,12,0.0,0.0,0.01,0.01,0.01,0.04,0.06,0.08,0.1,0.11,0.57
334,2019,17,Japanese Grand Prix,Kvyat,14.0,10,0.0,0.0,0.0,0.0,0.01,0.01,0.03,0.05,0.07,0.1,0.72
330,2019,17,Japanese Grand Prix,Hülkenberg,15.0,D,0.0,0.0,0.0,0.0,0.0,0.01,0.03,0.05,0.05,0.09,0.77
331,2019,17,Japanese Grand Prix,Ricciardo,16.0,D,0.0,0.0,0.0,0.0,0.0,0.01,0.01,0.03,0.05,0.07,0.83
329,2019,17,Japanese Grand Prix,Pérez,17.0,8,0.0,0.0,0.01,0.01,0.01,0.03,0.05,0.06,0.08,0.1,0.66
338,2019,17,Japanese Grand Prix,Russell,18.0,16,0.0,0.0,0.0,0.0,0.0,0.0,0.0,0.0,0.01,0.01,0.97
326,2019,17,Japanese Grand Prix,Magnussen,19.0,15,0.0,0.0,0.0,0.01,0.01,0.02,0.03,0.03,0.06,0.07,0.78
344,2019,18,Mexican Grand Prix,Leclerc,1.0,4,0.46,0.22,0.11,0.06,0.03,0.01,0.01,0.01,0.01,0.0,0.07
342,2019,18,Mexican Grand Prix,Vettel,2.0,2,0.18,0.21,0.18,0.14,0.08,0.04,0.02,0.02,0.01,0.01,0.1
340,2019,18,Mexican Grand Prix,Hamilton,3.0,1,0.36,0.25,0.17,0.07,0.05,0.02,0.01,0.01,0.01,0.0,0.06
343,2019,18,Mexican Grand Prix,Verstappen,4.0,6,0.07,0.12,0.15,0.17,0.12,0.07,0.04,0.02,0.02,0.02,0.2
352,2019,18,Mexican Grand Prix,Albon,5.0,5,0.01,0.03,0.06,0.1,0.11,0.14,0.1,0.06,0.06,0.05,0.29
341,2019,18,Mexican Grand Prix,Bottas,6.0,3,0.07,0.15,0.18,0.18,0.13,0.07,0.03,0.02,0.02,0.02,0.14
357,2019,18,Mexican Grand Prix,Sainz,7.0,13,0.0,0.01,0.02,0.04,0.07,0.12,0.15,0.12,0.1,0.08,0.29
347,2019,18,Mexican Grand Prix,Norris,8.0,R,0.0,0.0,0.01,0.01,0.02,0.05,0.08,0.09,0.09,0.1,0.53
354,2019,18,Mexican Grand Prix,Kvyat,9.0,11,0.0,0.01,0.01,0.02,0.05,0.1,0.13,0.14,0.14,0.1,0.31
356,2019,18,Mexican Grand Prix,Gasly,10.0,9,0.0,0.01,0.01,0.02,0.04,0.09,0.12,0.13,0.13,0.1,0.35
349,2019,18,Mexican Grand Prix,Pérez,11.0,7,0.0,0.0,0.01,0.01,0.02,0.06,0.09,0.12,0.14,0.11,0.43
350,2019,18,Mexican Grand Prix,Hülkenberg,12.0,10,0.0,0.0,0.0,0.0,0.01,0.03,0.06,0.08,0.11,0.11,0.59
351,2019,18,Mexican Grand Prix,Ricciardo,13.0,8,0.0,0.0,0.0,0.0,0.01,0.02,0.04,0.05,0.08,0.09,0.71
348,2019,18,Mexican Grand Prix,Räikkönen,14.0,R,0.0,0.0,0.0,0.0,0.0,0.01,0.02,0.03,0.04,0.06,0.82
353,2019,18,Mexican Grand Prix,Giovinazzi,15.0,14,0.0,0.0,0.0,0.0,0.0,0.01,0.01,0.02,0.03,0.06,0.86
355,2019,18,Mexican Grand Prix,Stroll,16.0,12,0.0,0.0,0.0,0.0,0.0,0.0,0.01,0.01,0.02,0.05,0.9
346,2019,18,Mexican Grand Prix,Magnussen,17.0,15,0.0,0.0,0.0,0.0,0.0,0.01,0.01,0.02,0.03,0.06,0.86
345,2019,18,Mexican Grand Prix,Grosjean,18.0,17,0.0,0.0,0.0,0.0,0.0,0.0,0.01,0.01,0.02,0.05,0.9
358,2019,18,Mexican Grand Prix,Russell,19.0,16,0.0,0.0,0.0,0.0,0.0,0.0,0.0,0.0,0.0,0.02,0.97
359,2019,18,Mexican Grand Prix,Kubica,20.0,18,0.0,0.0,0.0,0.0,0.0,0.0,0.0,0.0,0.0,0.01,0.98
369,2019,19,United States Grand Prix,Pérez,0.0,10,0.0,0.0,0.0,0.01,0.02,0.05,0.09,0.1,0.08,0.1,0.55
361,2019,19,United States Grand Prix,Bottas,1.0,1,0.58,0.21,0.08,0.03,0.02,0.01,0.01,0.01,0.0,0.0,0.07
362,2019,19,United States Grand Prix,Vettel,2.0,R,0.26,0.24,0.16,0.08,0.07,0.03,0.02,0.02,0.01,0.01,0.1
363,2019,19,United States Grand Prix,Verstappen,3.0,3,0.08,0.18,0.21,0.16,0.13,0.06,0.02,0.02,0.02,0.01,0.11
364,2019,19,United States Grand Prix,Leclerc,4.0,4,0.07,0.16,0.22,0.16,0.13,0.06,0.02,0.02,0.02,0.01,0.12
360,2019,19,United States Grand Prix,Hamilton,5.0,2,0.19,0.26,0.2,0.11,0.09,0.03,0.02,0.01,0.01,0.0,0.08
372,2019,19,United States Grand Prix,Albon,6.0,5,0.01,0.02,0.02,0.04,0.07,0.11,0.11,0.1,0.09,0.07,0.36
377,2019,19,United States Grand Prix,Sainz,7.0,8,0.0,0.02,0.02,0.03,0.08,0.15,0.13,0.12,0.1,0.07,0.28
367,2019,19,United States Grand Prix,Norris,8.0,7,0.0,0.0,0.01,0.01,0.02,0.05,0.09,0.09,0.08,0.1,0.55
371,2019,19,United States Grand Prix,Ricciardo,9.0,6,0.0,0.01,0.01,0.01,0.03,0.08,0.12,0.12,0.1,0.08,0.44
376,2019,19,United States Grand Prix,Gasly,10.0,16,0.0,0.01,0.01,0.02,0.06,0.13,0.14,0.12,0.1,0.07,0.33
370,2019,19,United States Grand Prix,Hülkenberg,11.0,9,0.0,0.0,0.0,0.01,0.02,0.05,0.09,0.11,0.09,0.08,0.54
366,2019,19,United States Grand Prix,Magnussen,12.0,18,0.0,0.0,0.0,0.0,0.01,0.03,0.07,0.08,0.07,0.08,0.65
374,2019,19,United States Grand Prix,Kvyat,13.0,12,0.0,0.0,0.0,0.0,0.01,0.01,0.04,0.05,0.05,0.09,0.74
375,2019,19,United States Grand Prix,Stroll,14.0,13,0.0,0.0,0.0,0.0,0.01,0.02,0.05,0.06,0.06,0.09,0.69
365,2019,19,United States Grand Prix,Grosjean,15.0,15,0.0,0.0,0.0,0.0,0.0,0.01,0.04,0.04,0.05,0.08,0.77
373,2019,19,United States Grand Prix,Giovinazzi,16.0,14,0.0,0.0,0.0,0.0,0.0,0.01,0.02,0.02,0.03,0.06,0.85
368,2019,19,United States Grand Prix,Räikkönen,17.0,11,0.0,0.0,0.0,0.01,0.02,0.04,0.07,0.08,0.08,0.08,0.62
378,2019,19,United States Grand Prix,Russell,18.0,17,0.0,0.0,0.0,0.0,0.0,0.0,0.0,0.0,0.01,0.02,0.96
379,2019,19,United States Grand Prix,Kubica,19.0,R,0.0,0.0,0.0,0.0,0.0,0.0,0.0,0.0,0.01,0.03,0.95
383,2019,20,Brazilian Grand Prix,Verstappen,1.0,1,0.35,0.2,0.13,0.07,0.05,0.03,0.02,0.02,0.01,0.01,0.12
382,2019,20,Brazilian Grand Prix,Vettel,2.0,17,0.16,0.21,0.19,0.12,0.09,0.05,0.04,0.02,0.02,0.01,0.09
380,2019,20,Brazilian Grand Prix,Hamilton,3.0,7,0.15,0.28,0.3,0.13,0.06,0.02,0.02,0.01,0.0,0.0,0.04
381,2019,20,Brazilian Grand Prix,Bottas,4.0,R,0.1,0.22,0.26,0.15,0.09,0.04,0.02,0.01,0.01,0.01,0.09
392,2019,20,Brazilian Grand Prix,Albon,5.0,14,0.02,0.04,0.09,0.11,0.16,0.13,0.07,0.06,0.05,0.04,0.23
396,2019,20,Brazilian Grand Prix,Gasly,6.0,2,0.01,0.02,0.04,0.07,0.11,0.13,0.09,0.08,0.09,0.07,0.29
385,2019,20,Brazilian Grand Prix,Grosjean,7.0,13,0.0,0.0,0.01,0.02,0.05,0.11,0.16,0.12,0.11,0.07,0.35
388,2019,20,Brazilian Grand Prix,Räikkönen,8.0,4,0.0,0.0,0.0,0.01,0.02,0.06,0.1,0.1,0.09,0.08,0.53
386,2019,20,Brazilian Grand Prix,Magnussen,9.0,11,0.0,0.0,0.0,0.01,0.02,0.06,0.1,0.1,0.1,0.08,0.52
387,2019,20,Brazilian Grand Prix,Norris,10.0,8,0.0,0.0,0.0,0.01,0.02,0.06,0.09,0.09,0.1,0.08,0.55
391,2019,20,Brazilian Grand Prix,Ricciardo,11.0,6,0.0,0.0,0.0,0.01,0.01,0.04,0.06,0.08,0.07,0.08,0.63
393,2019,20,Brazilian Grand Prix,Giovinazzi,12.0,5,0.0,0.0,0.0,0.0,0.01,0.02,0.03,0.05,0.05,0.07,0.77
390,2019,20,Brazilian Grand Prix,Hülkenberg,13.0,15,0.0,0.0,0.0,0.0,0.01,0.02,0.04,0.06,0.07,0.08,0.71
384,2019,20,Brazilian Grand Prix,Leclerc,14.0,18,0.07,0.15,0.2,0.16,0.12,0.07,0.04,0.02,0.02,0.02,0.14
389,2019,20,Brazilian Grand Prix,Pérez,15.0,9,0.0,0.0,0.0,0.0,0.01,0.01,0.03,0.03,0.04,0.06,0.81
394,2019,20,Brazilian Grand Prix,Kvyat,16.0,10,0.0,0.0,0.0,0.0,0.0,0.01,0.01,0.03,0.03,0.06,0.85
395,2019,20,Brazilian Grand Prix,Stroll,17.0,19,0.0,0.0,0.0,0.0,0.0,0.01,0.02,0.04,0.05,0.07,0.81
398,2019,20,Brazilian Grand Prix,Russell,18.0,12,0.0,0.0,0.0,0.0,0.0,0.0,0.0,0.0,0.01,0.01,0.97
399,2019,20,Brazilian Grand Prix,Kubica,19.0,16,0.0,0.0,0.0,0.0,0.0,0.0,0.0,0.0,0.01,0.01,0.97
397,2019,20,Brazilian Grand Prix,Sainz,20.0,3,0.0,0.0,0.0,0.01,0.01,0.01,0.03,0.04,0.06,0.08,0.76
400,2019,21,Abu Dhabi Grand Prix,Hamilton,1.0,1,0.76,0.16,0.04,0.01,0.0,0.0,0.0,0.0,0.0,0.0,0.02
403,2019,21,Abu Dhabi Grand Prix,Verstappen,2.0,2,0.26,0.23,0.17,0.1,0.07,0.03,0.03,0.02,0.01,0.01,0.08
404,2019,21,Abu Dhabi Grand Prix,Leclerc,3.0,3,0.18,0.24,0.21,0.13,0.08,0.03,0.02,0.01,0.01,0.0,0.08
402,2019,21,Abu Dhabi Grand Prix,Vettel,4.0,5,0.09,0.2,0.16,0.2,0.12,0.05,0.03,0.01,0.01,0.0,0.13
412,2019,21,Abu Dhabi Grand Prix,Albon,5.0,6,0.02,0.05,0.1,0.12,0.13,0.13,0.07,0.05,0.06,0.04,0.23
407,2019,21,Abu Dhabi Grand Prix,Norris,6.0,8,0.0,0.01,0.02,0.03,0.07,0.11,0.12,0.1,0.09,0.07,0.38
411,2019,21,Abu Dhabi Grand Prix,Ricciardo,7.0,11,0.0,0.01,0.01,0.03,0.05,0.09,0.12,0.1,0.09,0.07,0.42
417,2019,21,Abu Dhabi Grand Prix,Sainz,8.0,10,0.0,0.01,0.01,0.02,0.05,0.09,0.12,0.1,0.09,0.07,0.43
410,2019,21,Abu Dhabi Grand Prix,Hülkenberg,9.0,12,0.0,0.01,0.01,0.02,0.04,0.07,0.1,0.11,0.1,0.08,0.46
409,2019,21,Abu Dhabi Grand Prix,Pérez,10.0,7,0.0,0.0,0.01,0.01,0.03,0.06,0.09,0.1,0.1,0.08,0.52
416,2019,21,Abu Dhabi Grand Prix,Gasly,11.0,18,0.0,0.01,0.01,0.02,0.04,0.06,0.09,0.09,0.1,0.08,0.51
415,2019,21,Abu Dhabi Grand Prix,Stroll,12.0,R,0.0,0.0,0.0,0.01,0.01,0.02,0.04,0.06,0.07,0.08,0.71
414,2019,21,Abu Dhabi Grand Prix,Kvyat,13.0,9,0.0,0.0,0.0,0.0,0.0,0.01,0.02,0.03,0.04,0.07,0.83
406,2019,21,Abu Dhabi Grand Prix,Magnussen,14.0,14,0.0,0.0,0.0,0.0,0.0,0.01,0.02,0.03,0.05,0.08,0.8
405,2019,21,Abu Dhabi Grand Prix,Grosjean,15.0,15,0.0,0.0,0.0,0.0,0.0,0.0,0.01,0.01,0.03,0.05,0.9
413,2019,21,Abu Dhabi Grand Prix,Giovinazzi,16.0,16,0.0,0.0,0.0,0.0,0.0,0.0,0.01,0.01,0.02,0.03,0.92
408,2019,21,Abu Dhabi Grand Prix,Räikkönen,17.0,13,0.0,0.0,0.0,0.0,0.0,0.01,0.02,0.03,0.04,0.06,0.83
418,2019,21,Abu Dhabi Grand Prix,Russell,18.0,17,0.0,0.0,0.0,0.0,0.0,0.0,0.0,0.0,0.0,0.0,0.99
419,2019,21,Abu Dhabi Grand Prix,Kubica,19.0,19,0.0,0.0,0.0,0.0,0.0,0.0,0.0,0.0,0.0,0.0,0.99
401,2019,21,Abu Dhabi Grand Prix,Bottas,20.0,4,0.21,0.25,0.17,0.14,0.08,0.03,0.02,0.01,0.01,0.0,0.09
421,2020,1,Austrian Grand Prix,Bottas,1.0,1,0.48,0.23,0.11,0.04,0.03,0.01,0.02,0.01,0.01,0.0,0.06
423,2020,1,Austrian Grand Prix,Verstappen,2.0,R,0.13,0.16,0.15,0.12,0.1,0.05,0.04,0.04,0.02,0.01,0.16
427,2020,1,Austrian Grand Prix,Norris,3.0,3,0.13,0.21,0.22,0.16,0.11,0.05,0.02,0.01,0.01,0.01,0.07
431,2020,1,Austrian Grand Prix,Albon,4.0,13,0.06,0.11,0.14,0.18,0.13,0.09,0.04,0.03,0.03,0.02,0.18
420,2020,1,Austrian Grand Prix,Hamilton,5.0,4,0.14,0.21,0.17,0.17,0.11,0.04,0.02,0.01,0.01,0.01,0.11
429,2020,1,Austrian Grand Prix,Pérez,6.0,6,0.01,0.02,0.03,0.07,0.1,0.13,0.1,0.09,0.08,0.06,0.3
424,2020,1,Austrian Grand Prix,Leclerc,7.0,2,0.02,0.04,0.06,0.1,0.12,0.11,0.1,0.09,0.07,0.05,0.24
436,2020,1,Austrian Grand Prix,Sainz,8.0,5,0.03,0.07,0.1,0.13,0.12,0.09,0.07,0.06,0.05,0.03,0.24
434,2020,1,Austrian Grand Prix,Stroll,9.0,R,0.0,0.01,0.02,0.03,0.07,0.1,0.11,0.12,0.12,0.07,0.35
430,2020,1,Austrian Grand Prix,Ricciardo,10.0,R,0.0,0.01,0.01,0.02,0.04,0.07,0.11,0.12,0.11,0.09,0.43
422,2020,1,Austrian Grand Prix,Vettel,11.0,10,0.01,0.02,0.03,0.05,0.07,0.1,0.1,0.11,0.1,0.07,0.34
435,2020,1,Austrian Grand Prix,Gasly,12.0,7,0.0,0.0,0.0,0.01,0.01,0.03,0.06,0.06,0.08,0.11,0.63
433,2020,1,Austrian Grand Prix,Kvyat,13.0,12,0.0,0.0,0.01,0.01,0.02,0.04,0.07,0.07,0.08,0.11,0.58
438,2020,1,Austrian Grand Prix,Ocon,14.0,8,0.0,0.0,0.0,0.0,0.01,0.03,0.05,0.06,0.07,0.09,0.69
425,2020,1,Austrian Grand Prix,Grosjean,15.0,R,0.0,0.0,0.0,0.0,0.0,0.01,0.01,0.02,0.02,0.04,0.9
426,2020,1,Austrian Grand Prix,Magnussen,16.0,R,0.0,0.0,0.0,0.0,0.0,0.0,0.0,0.0,0.01,0.01,0.98
437,2020,1,Austrian Grand Prix,Russell,17.0,R,0.0,0.0,0.0,0.0,0.0,0.01,0.02,0.02,0.04,0.07,0.84
432,2020,1,Austrian Grand Prix,Giovinazzi,18.0,9,0.0,0.0,0.0,0.01,0.01,0.04,0.06,0.06,0.07,0.1,0.65
428,2020,1,Austrian Grand Prix,Räikkönen,19.0,R,0.0,0.01,0.01,0.02,0.03,0.06,0.08,0.09,0.08,0.09,0.53
439,2020,1,Austrian Grand Prix,Latifi,20.0,11,0.0,0.0,0.0,0.0,0.0,0.01,0.02,0.02,0.03,0.06,0.85
445,2020,2,Styrian Grand Prix,Grosjean,0.0,13,0.0,0.0,0.0,0.0,0.0,0.0,0.0,0.01,0.01,0.01,0.97
440,2020,2,Styrian Grand Prix,Hamilton,1.0,1,0.49,0.2,0.09,0.04,0.02,0.01,0.02,0.01,0.01,0.01,0.11
443,2020,2,Styrian Grand Prix,Verstappen,2.0,3,0.25,0.16,0.12,0.08,0.06,0.04,0.04,0.03,0.03,0.02,0.17
456,2020,2,Styrian Grand Prix,Sainz,3.0,9,0.11,0.24,0.24,0.16,0.11,0.04,0.02,0.01,0.0,0.0,0.07
441,2020,2,Styrian Grand Prix,Bottas,4.0,2,0.05,0.14,0.16,0.21,0.15,0.09,0.04,0.02,0.01,0.01,0.13
458,2020,2,Styrian Grand Prix,Ocon,5.0,R,0.0,0.01,0.02,0.04,0.06,0.14,0.13,0.08,0.08,0.08,0.36
451,2020,2,Styrian Grand Prix,Albon,6.0,4,0.01,0.02,0.04,0.07,0.1,0.18,0.11,0.07,0.05,0.04,0.3
455,2020,2,Styrian Grand Prix,Gasly,7.0,15,0.0,0.0,0.01,0.02,0.05,0.12,0.14,0.11,0.11,0.08,0.36
450,2020,2,Styrian Grand Prix,Ricciardo,8.0,8,0.0,0.01,0.01,0.02,0.05,0.11,0.13,0.1,0.11,0.08,0.37
447,2020,2,Styrian Grand Prix,Norris,9.0,5,0.02,0.05,0.07,0.11,0.18,0.12,0.08,0.08,0.06,0.03,0.2
442,2020,2,Styrian Grand Prix,Vettel,10.0,R,0.01,0.02,0.04,0.06,0.11,0.12,0.13,0.12,0.1,0.06,0.23
457,2020,2,Styrian Grand Prix,Russell,11.0,16,0.0,0.0,0.0,0.0,0.0,0.01,0.01,0.02,0.03,0.05,0.88
454,2020,2,Styrian Grand Prix,Stroll,12.0,7,0.0,0.0,0.0,0.01,0.02,0.04,0.07,0.09,0.11,0.09,0.56
453,2020,2,Styrian Grand Prix,Kvyat,13.0,10,0.0,0.0,0.0,0.0,0.01,0.03,0.05,0.07,0.08,0.09,0.66
444,2020,2,Styrian Grand Prix,Leclerc,14.0,R,0.01,0.03,0.03,0.06,0.1,0.12,0.11,0.12,0.12,0.07,0.23
446,2020,2,Styrian Grand Prix,Magnussen,15.0,12,0.0,0.0,0.0,0.0,0.0,0.0,0.0,0.01,0.01,0.02,0.96
448,2020,2,Styrian Grand Prix,Räikkönen,16.0,11,0.0,0.0,0.0,0.0,0.0,0.01,0.01,0.03,0.03,0.06,0.84
449,2020,2,Styrian Grand Prix,Pérez,17.0,6,0.0,0.0,0.01,0.01,0.02,0.04,0.06,0.1,0.1,0.09,0.58
459,2020,2,Styrian Grand Prix,Latifi,18.0,17,0.0,0.0,0.0,0.0,0.0,0.0,0.0,0.0,0.01,0.01,0.97
452,2020,2,Styrian Grand Prix,Giovinazzi,19.0,14,0.0,0.0,0.0,0.0,0.0,0.0,0.01,0.01,0.01,0.03,0.93
460,2020,3,Hungarian Grand Prix,Hamilton,1.0,1,0.32,0.22,0.13,0.07,0.04,0.02,0.02,0.01,0.01,0.01,0.14
461,2020,3,Hungarian Grand Prix,Bottas,2.0,3,0.23,0.22,0.16,0.1,0.06,0.03,0.02,0.01,0.01,0.01,0.14
474,2020,3,Hungarian Grand Prix,Stroll,3.0,4,0.04,0.08,0.13,0.14,0.14,0.09,0.06,0.05,0.03,0.03,0.21
469,2020,3,Hungarian Grand Prix,Pérez,4.0,7,0.02,0.05,0.08,0.13,0.14,0.12,0.07,0.07,0.05,0.04,0.23
462,2020,3,Hungarian Grand Prix,Vettel,5.0,6,0.01,0.03,0.05,0.09,0.11,0.13,0.09,0.08,0.07,0.05,0.28
464,2020,3,Hungarian Grand Prix,Leclerc,6.0,11,0.01,0.03,0.06,0.09,0.1,0.12,0.09,0.08,0.06,0.06,0.31
463,2020,3,Hungarian Grand Prix,Verstappen,7.0,2,0.02,0.05,0.08,0.13,0.14,0.12,0.06,0.06,0.04,0.03,0.27
467,2020,3,Hungarian Grand Prix,Norris,8.0,13,0.02,0.04,0.06,0.11,0.12,0.12,0.08,0.07,0.06,0.04,0.28
476,2020,3,Hungarian Grand Prix,Sainz,9.0,9,0.01,0.03,0.05,0.09,0.1,0.12,0.09,0.08,0.06,0.06,0.3
475,2020,3,Hungarian Grand Prix,Gasly,10.0,R,0.0,0.0,0.01,0.01,0.02,0.05,0.09,0.08,0.11,0.09,0.54
470,2020,3,Hungarian Grand Prix,Ricciardo,11.0,8,0.0,0.0,0.01,0.01,0.02,0.04,0.08,0.08,0.1,0.11,0.54
477,2020,3,Hungarian Grand Prix,Russell,12.0,18,0.0,0.0,0.0,0.0,0.0,0.01,0.02,0.03,0.05,0.08,0.8
471,2020,3,Hungarian Grand Prix,Albon,13.0,5,0.01,0.01,0.02,0.05,0.05,0.11,0.1,0.1,0.1,0.08,0.36
478,2020,3,Hungarian Grand Prix,Ocon,14.0,14,0.0,0.0,0.0,0.0,0.01,0.01,0.02,0.03,0.06,0.08,0.79
479,2020,3,Hungarian Grand Prix,Latifi,15.0,19,0.0,0.0,0.0,0.0,0.0,0.0,0.0,0.0,0.0,0.01,0.98
466,2020,3,Hungarian Grand Prix,Magnussen,16.0,10,0.0,0.0,0.0,0.0,0.0,0.0,0.0,0.0,0.01,0.02,0.97
473,2020,3,Hungarian Grand Prix,Kvyat,17.0,12,0.0,0.0,0.0,0.0,0.0,0.0,0.0,0.01,0.01,0.03,0.95
465,2020,3,Hungarian Grand Prix,Grosjean,18.0,16,0.0,0.0,0.0,0.0,0.0,0.0,0.0,0.01,0.01,0.02,0.95
472,2020,3,Hungarian Grand Prix,Giovinazzi,19.0,17,0.0,0.0,0.0,0.0,0.0,0.0,0.0,0.0,0.01,0.02,0.96
468,2020,3,Hungarian Grand Prix,Räikkönen,20.0,15,0.0,0.0,0.0,0.0,0.0,0.0,0.0,0.0,0.01,0.02,0.96
480,2020,4,British Grand Prix,Hamilton,1.0,1,0.59,0.2,0.09,0.03,0.01,0.01,0.0,0.01,0.0,0.0,0.06
481,2020,4,British Grand Prix,Bottas,2.0,11,0.39,0.24,0.14,0.07,0.04,0.02,0.01,0.01,0.01,0.01,0.07
483,2020,4,British Grand Prix,Verstappen,3.0,2,0.09,0.19,0.22,0.16,0.12,0.05,0.02,0.01,0.01,0.01,0.11
484,2020,4,British Grand Prix,Leclerc,4.0,3,0.02,0.08,0.13,0.15,0.15,0.1,0.05,0.04,0.03,0.02,0.24
487,2020,4,British Grand Prix,Norris,5.0,5,0.02,0.09,0.14,0.15,0.15,0.08,0.05,0.04,0.03,0.02,0.24
494,2020,4,British Grand Prix,Stroll,6.0,9,0.0,0.02,0.03,0.07,0.11,0.13,0.1,0.08,0.08,0.04,0.34
496,2020,4,British Grand Prix,Sainz,7.0,13,0.0,0.02,0.03,0.07,0.12,0.14,0.11,0.08,0.08,0.05,0.3
490,2020,4,British Grand Prix,Ricciardo,8.0,4,0.0,0.0,0.01,0.01,0.03,0.08,0.13,0.1,0.12,0.1,0.41
498,2020,4,British Grand Prix,Ocon,9.0,6,0.0,0.0,0.01,0.01,0.03,0.1,0.15,0.11,0.13,0.1,0.36
482,2020,4,British Grand Prix,Vettel,10.0,10,0.0,0.0,0.01,0.01,0.03,0.03,0.07,0.13,0.14,0.12,0.47
495,2020,4,British Grand Prix,Gasly,11.0,7,0.0,0.0,0.01,0.01,0.02,0.03,0.06,0.08,0.1,0.1,0.59
491,2020,4,British Grand Prix,Albon,12.0,8,0.01,0.03,0.06,0.1,0.12,0.11,0.08,0.07,0.06,0.05,0.33
489,2020,4,British Grand Prix,Hülkenberg,13.0,W,0.0,0.0,0.0,0.0,0.0,0.0,0.01,0.02,0.02,0.04,0.9
486,2020,4,British Grand Prix,Magnussen,14.0,R,0.0,0.0,0.0,0.0,0.0,0.01,0.02,0.04,0.04,0.06,0.83
492,2020,4,British Grand Prix,Giovinazzi,15.0,14,0.0,0.0,0.0,0.0,0.0,0.01,0.02,0.03,0.04,0.07,0.82
488,2020,4,British Grand Prix,Räikkönen,16.0,17,0.0,0.0,0.0,0.0,0.0,0.01,0.01,0.02,0.02,0.04,0.89
485,2020,4,British Grand Prix,Grosjean,17.0,16,0.0,0.0,0.0,0.0,0.0,0.01,0.01,0.02,0.03,0.04,0.89
499,2020,4,British Grand Prix,Latifi,18.0,15,0.0,0.0,0.0,0.0,0.0,0.0,0.01,0.01,0.01,0.03,0.94
493,2020,4,British Grand Prix,Kvyat,19.0,R,0.0,0.0,0.0,0.0,0.0,0.0,0.01,0.02,0.02,0.05,0.9
497,2020,4,British Grand Prix,Russell,20.0,12,0.0,0.0,0.0,0.0,0.0,0.0,0.01,0.02,0.02,0.05,0.9
501,2020,5,70th Anniversary Grand Prix,Bottas,1.0,3,0.66,0.18,0.07,0.02,0.01,0.01,0.01,0.0,0.0,0.0,0.04
500,2020,5,70th Anniversary Grand Prix,Hamilton,2.0,2,0.5,0.24,0.1,0.04,0.02,0.01,0.01,0.01,0.0,0.0,0.06
509,2020,5,70th Anniversary Grand Prix,Hülkenberg,3.0,7,0.03,0.08,0.1,0.13,0.14,0.1,0.07,0.06,0.05,0.04,0.2
503,2020,5,70th Anniversary Grand Prix,Verstappen,4.0,1,0.06,0.14,0.14,0.2,0.13,0.06,0.04,0.02,0.02,0.01,0.16
510,2020,5,70th Anniversary Grand Prix,Ricciardo,5.0,14,0.02,0.04,0.06,0.1,0.13,0.1,0.09,0.09,0.07,0.05,0.24
514,2020,5,70th Anniversary Grand Prix,Stroll,6.0,6,0.01,0.03,0.06,0.09,0.13,0.13,0.1,0.08,0.08,0.05,0.24
515,2020,5,70th Anniversary Grand Prix,Gasly,7.0,11,0.0,0.01,0.02,0.03,0.05,0.09,0.11,0.12,0.12,0.1,0.34
504,2020,5,70th Anniversary Grand Prix,Leclerc,8.0,4,0.01,0.01,0.02,0.04,0.07,0.11,0.12,0.12,0.11,0.09,0.31
511,2020,5,70th Anniversary Grand Prix,Albon,9.0,5,0.01,0.03,0.05,0.08,0.11,0.11,0.1,0.1,0.09,0.06,0.27
507,2020,5,70th Anniversary Grand Prix,Norris,10.0,9,0.0,0.01,0.01,0.02,0.04,0.08,0.1,0.12,0.12,0.11,0.39
502,2020,5,70th Anniversary Grand Prix,Vettel,11.0,12,0.0,0.01,0.02,0.03,0.06,0.1,0.11,0.12,0.11,0.09,0.35
516,2020,5,70th Anniversary Grand Prix,Sainz,12.0,13,0.0,0.01,0.01,0.02,0.04,0.08,0.1,0.1,0.1,0.1,0.45
505,2020,5,70th Anniversary Grand Prix,Grosjean,13.0,16,0.0,0.0,0.0,0.0,0.01,0.01,0.03,0.04,0.05,0.07,0.79
518,2020,5,70th Anniversary Grand Prix,Ocon,14.0,8,0.0,0.0,0.01,0.01,0.01,0.04,0.06,0.07,0.08,0.09,0.62
517,2020,5,70th Anniversary Grand Prix,Russell,15.0,18,0.0,0.0,0.0,0.0,0.0,0.0,0.0,0.01,0.01,0.03,0.94
513,2020,5,70th Anniversary Grand Prix,Kvyat,16.0,10,0.0,0.0,0.0,0.0,0.0,0.01,0.01,0.02,0.03,0.05,0.87
506,2020,5,70th Anniversary Grand Prix,Magnussen,17.0,R,0.0,0.0,0.0,0.0,0.0,0.0,0.0,0.01,0.01,0.02,0.95
519,2020,5,70th Anniversary Grand Prix,Latifi,18.0,19,0.0,0.0,0.0,0.0,0.0,0.0,0.0,0.0,0.0,0.01,0.98
512,2020,5,70th Anniversary Grand Prix,Giovinazzi,19.0,17,0.0,0.0,0.0,0.0,0.0,0.0,0.0,0.01,0.01,0.02,0.96
508,2020,5,70th Anniversary Grand Prix,Räikkönen,20.0,15,0.0,0.0,0.0,0.0,0.0,0.0,0.01,0.01,0.01,0.03,0.93
520,2020,6,Spanish Grand Prix,Hamilton,1.0,1,0.58,0.22,0.08,0.02,0.01,0.0,0.0,0.0,0.0,0.0,0.08
521,2020,6,Spanish Grand Prix,Bottas,2.0,3,0.32,0.31,0.17,0.07,0.04,0.01,0.01,0.01,0.01,0.0,0.06
523,2020,6,Spanish Grand Prix,Verstappen,3.0,2,0.13,0.2,0.24,0.15,0.09,0.03,0.03,0.02,0.01,0.01,0.1
529,2020,6,Spanish Grand Prix,Pérez,4.0,5,0.02,0.06,0.08,0.13,0.15,0.12,0.07,0.05,0.05,0.04,0.24
534,2020,6,Spanish Grand Prix,Stroll,5.0,4,0.01,0.02,0.03,0.06,0.09,0.12,0.09,0.08,0.09,0.06,0.35
531,2020,6,Spanish Grand Prix,Albon,6.0,8,0.01,0.03,0.05,0.08,0.14,0.14,0.08,0.07,0.07,0.05,0.28
536,2020,6,Spanish Grand Prix,Sainz,7.0,6,0.01,0.02,0.04,0.05,0.11,0.13,0.09,0.08,0.1,0.06,0.3
527,2020,6,Spanish Grand Prix,Norris,8.0,10,0.01,0.02,0.03,0.04,0.1,0.12,0.11,0.09,0.1,0.07,0.31
524,2020,6,Spanish Grand Prix,Leclerc,9.0,R,0.0,0.01,0.02,0.03,0.05,0.09,0.11,0.09,0.11,0.07,0.41
535,2020,6,Spanish Grand Prix,Gasly,10.0,9,0.0,0.0,0.01,0.01,0.02,0.04,0.09,0.1,0.1,0.09,0.55
522,2020,6,Spanish Grand Prix,Vettel,11.0,7,0.0,0.01,0.01,0.02,0.03,0.06,0.1,0.11,0.1,0.07,0.48
533,2020,6,Spanish Grand Prix,Kvyat,12.0,12,0.0,0.0,0.0,0.0,0.01,0.02,0.04,0.05,0.06,0.06,0.76
530,2020,6,Spanish Grand Prix,Ricciardo,13.0,11,0.0,0.0,0.01,0.01,0.02,0.05,0.06,0.07,0.08,0.07,0.62
528,2020,6,Spanish Grand Prix,Räikkönen,14.0,14,0.0,0.0,0.0,0.0,0.0,0.01,0.01,0.02,0.03,0.04,0.89
538,2020,6,Spanish Grand Prix,Ocon,15.0,13,0.0,0.0,0.0,0.0,0.0,0.01,0.02,0.02,0.03,0.04,0.88
526,2020,6,Spanish Grand Prix,Magnussen,16.0,15,0.0,0.0,0.0,0.0,0.0,0.0,0.01,0.01,0.01,0.02,0.94
525,2020,6,Spanish Grand Prix,Grosjean,17.0,19,0.0,0.0,0.0,0.0,0.0,0.0,0.02,0.02,0.03,0.04,0.88
537,2020,6,Spanish Grand Prix,Russell,18.0,17,0.0,0.0,0.0,0.0,0.0,0.0,0.01,0.02,0.02,0.03,0.91
539,2020,6,Spanish Grand Prix,Latifi,19.0,18,0.0,0.0,0.0,0.0,0.0,0.0,0.0,0.01,0.01,0.02,0.96
532,2020,6,Spanish Grand Prix,Giovinazzi,20.0,16,0.0,0.0,0.0,0.0,0.0,0.0,0.01,0.01,0.01,0.03,0.94
540,2020,7,Belgian Grand Prix,Hamilton,1.0,1,0.4,0.24,0.14,0.05,0.03,0.01,0.01,0.01,0.01,0.0,0.09
541,2020,7,Belgian Grand Prix,Bottas,2.0,2,0.2,0.2,0.17,0.09,0.08,0.03,0.03,0.02,0.02,0.01,0.14
543,2020,7,Belgian Grand Prix,Verstappen,3.0,3,0.05,0.12,0.15,0.17,0.15,0.08,0.05,0.03,0.02,0.02,0.15
550,2020,7,Belgian Grand Prix,Ricciardo,4.0,4,0.02,0.05,0.08,0.11,0.13,0.12,0.08,0.05,0.05,0.04,0.28
551,2020,7,Belgian Grand Prix,Albon,5.0,6,0.02,0.06,0.09,0.17,0.17,0.13,0.06,0.04,0.03,0.03,0.2
558,2020,7,Belgian Grand Prix,Ocon,6.0,5,0.01,0.02,0.04,0.08,0.1,0.12,0.1,0.07,0.07,0.06,0.32
556,2020,7,Belgian Grand Prix,Sainz,7.0,W,0.0,0.0,0.01,0.01,0.02,0.04,0.08,0.08,0.1,0.1,0.57
549,2020,7,Belgian Grand Prix,Pérez,8.0,10,0.0,0.01,0.01,0.03,0.06,0.1,0.1,0.12,0.1,0.08,0.38
554,2020,7,Belgian Grand Prix,Stroll,9.0,9,0.0,0.01,0.01,0.03,0.05,0.1,0.1,0.12,0.1,0.08,0.39
547,2020,7,Belgian Grand Prix,Norris,10.0,7,0.0,0.01,0.02,0.04,0.07,0.1,0.11,0.11,0.1,0.09,0.35
553,2020,7,Belgian Grand Prix,Kvyat,11.0,11,0.0,0.0,0.01,0.01,0.03,0.08,0.11,0.11,0.11,0.1,0.44
555,2020,7,Belgian Grand Prix,Gasly,12.0,8,0.0,0.0,0.01,0.01,0.02,0.05,0.08,0.09,0.1,0.1,0.55
544,2020,7,Belgian Grand Prix,Leclerc,13.0,14,0.0,0.01,0.01,0.02,0.05,0.09,0.1,0.11,0.1,0.09,0.41
542,2020,7,Belgian Grand Prix,Vettel,14.0,13,0.0,0.0,0.01,0.01,0.02,0.05,0.09,0.09,0.1,0.1,0.53
557,2020,7,Belgian Grand Prix,Russell,15.0,R,0.0,0.0,0.0,0.0,0.0,0.01,0.02,0.02,0.03,0.07,0.83
548,2020,7,Belgian Grand Prix,Räikkönen,16.0,12,0.0,0.0,0.0,0.0,0.0,0.01,0.01,0.02,0.02,0.04,0.9
545,2020,7,Belgian Grand Prix,Grosjean,17.0,15,0.0,0.0,0.0,0.0,0.0,0.01,0.02,0.02,0.02,0.05,0.89
552,2020,7,Belgian Grand Prix,Giovinazzi,18.0,R,0.0,0.0,0.0,0.0,0.0,0.0,0.01,0.01,0.01,0.03,0.93
559,2020,7,Belgian Grand Prix,Latifi,19.0,16,0.0,0.0,0.0,0.0,0.0,0.0,0.0,0.01,0.01,0.02,0.95
546,2020,7,Belgian Grand Prix,Magnussen,20.0,17,0.0,0.0,0.0,0.0,0.0,0.0,0.01,0.01,0.01,0.02,0.94
560,2020,8,Italian Grand Prix,Hamilton,1.0,7,0.52,0.27,0.09,0.04,0.01,0.01,0.0,0.0,0.0,0.0,0.07
561,2020,8,Italian Grand Prix,Bottas,2.0,5,0.27,0.27,0.19,0.09,0.05,0.02,0.01,0.01,0.01,0.0,0.09
576,2020,8,Italian Grand Prix,Sainz,3.0,2,0.04,0.09,0.11,0.13,0.14,0.11,0.06,0.05,0.04,0.03,0.18
569,2020,8,Italian Grand Prix,Pérez,4.0,10,0.02,0.05,0.07,0.15,0.14,0.12,0.07,0.06,0.06,0.04,0.21
563,2020,8,Italian Grand Prix,Verstappen,5.0,R,0.04,0.08,0.11,0.16,0.15,0.1,0.05,0.05,0.04,0.02,0.19
567,2020,8,Italian Grand Prix,Norris,6.0,4,0.02,0.04,0.06,0.12,0.12,0.11,0.08,0.08,0.07,0.06,0.26
570,2020,8,Italian Grand Prix,Ricciardo,7.0,6,0.01,0.01,0.02,0.04,0.06,0.11,0.12,0.11,0.09,0.09,0.33
574,2020,8,Italian Grand Prix,Stroll,8.0,3,0.0,0.01,0.02,0.03,0.05,0.09,0.12,0.11,0.1,0.1,0.37
571,2020,8,Italian Grand Prix,Albon,9.0,15,0.01,0.01,0.02,0.05,0.07,0.1,0.11,0.11,0.09,0.08,0.35
575,2020,8,Italian Grand Prix,Gasly,10.0,1,0.0,0.0,0.01,0.02,0.03,0.07,0.1,0.1,0.11,0.1,0.45
573,2020,8,Italian Grand Prix,Kvyat,11.0,9,0.0,0.01,0.01,0.03,0.04,0.07,0.11,0.1,0.11,0.1,0.43
578,2020,8,Italian Grand Prix,Ocon,12.0,8,0.0,0.0,0.01,0.01,0.02,0.04,0.08,0.09,0.1,0.11,0.54
564,2020,8,Italian Grand Prix,Leclerc,13.0,R,0.0,0.0,0.01,0.01,0.02,0.05,0.07,0.09,0.1,0.11,0.53
568,2020,8,Italian Grand Prix,Räikkönen,14.0,13,0.0,0.0,0.0,0.0,0.0,0.01,0.01,0.02,0.02,0.04,0.91
566,2020,8,Italian Grand Prix,Magnussen,15.0,R,0.0,0.0,0.0,0.0,0.0,0.0,0.01,0.02,0.02,0.07,0.88
565,2020,8,Italian Grand Prix,Grosjean,16.0,12,0.0,0.0,0.0,0.0,0.0,0.0,0.01,0.02,0.02,0.05,0.9
562,2020,8,Italian Grand Prix,Vettel,17.0,R,0.0,0.0,0.0,0.0,0.01,0.02,0.04,0.05,0.06,0.08,0.75
572,2020,8,Italian Grand Prix,Giovinazzi,18.0,16,0.0,0.0,0.0,0.0,0.0,0.0,0.01,0.02,0.02,0.05,0.9
577,2020,8,Italian Grand Prix,Russell,19.0,14,0.0,0.0,0.0,0.0,0.0,0.0,0.01,0.01,0.01,0.04,0.93
579,2020,8,Italian Grand Prix,Latifi,20.0,11,0.0,0.0,0.0,0.0,0.0,0.0,0.0,0.01,0.01,0.03,0.95
580,2020,9,Tuscan Grand Prix,Hamilton,1.0,1,0.52,0.26,0.09,0.03,0.01,0.01,0.01,0.01,0.0,0.0,0.06
581,2020,9,Tuscan Grand Prix,Bottas,2.0,2,0.31,0.24,0.16,0.08,0.05,0.02,0.02,0.01,0.01,0.01,0.09
583,2020,9,Tuscan Grand Prix,Verstappen,3.0,R,0.08,0.17,0.22,0.16,0.11,0.05,0.03,0.02,0.01,0.01,0.13
591,2020,9,Tuscan Grand Prix,Albon,4.0,3,0.03,0.08,0.13,0.17,0.14,0.11,0.05,0.05,0.03,0.03,0.18
584,2020,9,Tuscan Grand Prix,Leclerc,5.0,8,0.01,0.02,0.04,0.06,0.08,0.1,0.08,0.07,0.08,0.07,0.39
594,2020,9,Tuscan Grand Prix,Stroll,6.0,R,0.01,0.01,0.02,0.04,0.07,0.1,0.1,0.1,0.09,0.07,0.39
589,2020,9,Tuscan Grand Prix,Pérez,7.0,5,0.0,0.01,0.01,0.03,0.05,0.12,0.12,0.12,0.11,0.08,0.36
590,2020,9,Tuscan Grand Prix,Ricciardo,8.0,4,0.01,0.01,0.01,0.03,0.05,0.08,0.09,0.09,0.09,0.08,0.47
596,2020,9,Tuscan Grand Prix,Sainz,9.0,R,0.01,0.01,0.02,0.04,0.08,0.13,0.12,0.11,0.1,0.08,0.31
598,2020,9,Tuscan Grand Prix,Ocon,10.0,R,0.0,0.01,0.01,0.01,0.02,0.04,0.07,0.08,0.1,0.1,0.56
587,2020,9,Tuscan Grand Prix,Norris,11.0,6,0.01,0.01,0.01,0.02,0.04,0.05,0.07,0.09,0.1,0.08,0.53
593,2020,9,Tuscan Grand Prix,Kvyat,12.0,7,0.0,0.0,0.0,0.0,0.01,0.01,0.02,0.03,0.04,0.05,0.84
588,2020,9,Tuscan Grand Prix,Räikkönen,13.0,9,0.0,0.0,0.0,0.0,0.01,0.01,0.02,0.03,0.04,0.06,0.83
582,2020,9,Tuscan Grand Prix,Vettel,14.0,10,0.0,0.0,0.0,0.0,0.0,0.0,0.01,0.01,0.03,0.03,0.91
585,2020,9,Tuscan Grand Prix,Grosjean,15.0,12,0.0,0.0,0.0,0.0,0.0,0.0,0.01,0.01,0.02,0.02,0.94
595,2020,9,Tuscan Grand Prix,Gasly,16.0,R,0.0,0.0,0.0,0.0,0.0,0.0,0.01,0.01,0.02,0.03,0.92
592,2020,9,Tuscan Grand Prix,Giovinazzi,17.0,R,0.0,0.0,0.0,0.0,0.0,0.0,0.01,0.01,0.02,0.03,0.91
597,2020,9,Tuscan Grand Prix,Russell,18.0,11,0.0,0.0,0.0,0.0,0.0,0.0,0.0,0.01,0.01,0.02,0.95
599,2020,9,Tuscan Grand Prix,Latifi,19.0,R,0.0,0.0,0.0,0.0,0.0,0.0,0.0,0.01,0.01,0.02,0.95
586,2020,9,Tuscan Grand Prix,Magnussen,20.0,R,0.0,0.0,0.0,0.0,0.0,0.0,0.0,0.01,0.01,0.02,0.95
